ranker,player,nationality,position,team,age,birth_year,minutes_90s,goals,shots,shots_on_target,shots_on_target_pct,shots_per90,shots_on_target_per90,goals_per_shot,goals_per_shot_on_target,average_shot_distance,shots_free_kicks,pens_made,pens_att,xg,npxg,npxg_per_shot,xg_net,npxg_net,matches
1,Liel Abada,il ISR,MFFW,Charlotte,23-212,2001,6.4,2,17,6,35.3,2.66,0.94,0.12,0.33,17.0,0,0,0,3.0,3.0,0.18,-1.0,-1.0,Matches
2,Luis Abram,pe PER,DF,Atlanta Utd,29-065,1996,5.8,0,1,0,0.0,0.17,0.00,0.00,,6.4,0,0,0,0.1,0.1,0.07,-0.1,-0.1,Matches
3,Lalas Abubakar,gh GHA,DFMF,FC Dallas,30-129,1994,1.0,0,0,0,,0.00,0.00,,,,0,0,0,0.0,0.0,,0.0,0.0,Matches
4,Kellyn Acosta,us USA,MF,Chicago Fire,29-283,1995,4.3,0,1,1,100.0,0.23,0.23,0.00,0.00,19.4,0,0,0,0.0,0.0,0.05,0.0,0.0,Matches
5,Luciano Acosta,ar ARG,MF,FC Dallas,30-337,1994,9.2,3,13,6,46.2,1.42,0.65,0.23,0.50,19.5,2,0,1,2.8,2.0,0.15,+0.2,+1.0,Matches
6,Sam Adekugbe,ca CAN,DF,Vancouver W'caps,30-107,1995,1.7,2,4,2,50.0,2.29,1.15,0.50,1.00,12.1,0,0,0,1.3,1.3,0.33,+0.7,+0.7,Matches
7,Leonardo Afonso,br BRA,FW,Inter Miami,23-294,2001,0.8,0,1,1,100.0,1.23,1.23,0.00,0.00,9.2,0,0,0,0.4,0.4,0.37,-0.4,-0.4,Matches
8,Stephen Afrifa,ca CAN,FWMF,Sporting KC,24-073,2001,0.1,0,0,0,,0.00,0.00,,,,0,0,0,0.0,0.0,,0.0,0.0,Matches
9,William Agada,ng NGA,FW,Sporting KC,25-228,1999,1.1,0,6,0,0.0,5.45,0.00,0.00,,14.6,0,0,0,0.5,0.5,0.08,-0.5,-0.5,Matches
10,William Agada,ng NGA,FW,Real Salt Lake,25-228,1999,0.3,0,1,0,0.0,3.75,0.00,0.00,,15.5,0,0,0,0.3,0.3,0.29,-0.3,-0.3,Matches
11,Patrick Agyemang,us USA,FW,Charlotte,24-177,2000,7.7,2,16,6,37.5,2.07,0.78,0.06,0.17,16.8,0,1,1,1.9,1.1,0.07,+0.1,-0.1,Matches
12,Ali Ahmed,ca CAN,FW,Vancouver W'caps,24-205,2000,5.6,0,13,3,23.1,2.33,0.54,0.00,0.00,15.7,0,0,0,0.7,0.7,0.05,-0.7,-0.7,Matches
13,Forster Ajago,gh GHA,FW,Real Salt Lake,23-260,2001,2.9,1,4,3,75.0,1.39,1.04,0.25,0.33,18.6,0,0,0,0.6,0.6,0.16,+0.4,+0.4,Matches
14,Jordi Alba,es ESP,DF,Inter Miami,36-043,1989,7.4,0,5,1,20.0,0.68,0.14,0.00,0.00,22.4,0,0,0,0.2,0.2,0.04,-0.2,-0.2,Matches
15,Noah Allen,us USA,DF,Inter Miami,21-005,2004,6.3,0,1,1,100.0,0.16,0.16,0.00,0.00,24.7,0,0,0,0.0,0.0,0.02,0.0,0.0,Matches
16,Tadeo Allende,ar ARG,FWMF,Inter Miami,26-072,1999,4.0,2,9,5,55.6,2.27,1.26,0.22,0.40,17.8,1,0,0,1.0,1.0,0.11,+1.0,+1.0,Matches
17,Miguel Almirón,py PAR,FWMF,Atlanta Utd,31-082,1994,8.9,2,26,8,30.8,2.91,0.90,0.04,0.13,20.2,0,1,1,2.8,2.0,0.08,-0.8,-1.0,Matches
18,Alejandro Alvarado Jr.,us USA,MF,San Diego FC,21-278,2003,2.1,0,2,0,0.0,0.97,0.00,0.00,,17.4,0,0,0,0.1,0.1,0.07,-0.1,-0.1,Matches
19,Fernando Álvarez,co COL,DF,CF Montréal,21-252,2003,3.6,0,1,0,0.0,0.28,0.00,0.00,,14.7,0,0,0,0.0,0.0,0.04,0.0,0.0,Matches
20,Pedro Amador,pt POR,DF,Atlanta Utd,26-136,1998,5.7,0,2,0,0.0,0.35,0.00,0.00,,28.2,0,0,0,0.0,0.0,0.02,0.0,0.0,Matches
21,Frankie Amaya,us USA,MF,LAFC,24-219,2000,0.0,0,1,0,0.0,30.00,0.00,0.00,,18.6,0,0,0,0.0,0.0,0.04,0.0,0.0,Matches
22,Malte Amundsen,dk DEN,DF,Columbus Crew,27-081,1998,7.2,0,3,0,0.0,0.41,0.00,0.00,,22.2,0,0,0,0.1,0.1,0.02,-0.1,-0.1,Matches
23,Tomas Ángel,co COL,FWMF,San Diego FC,22-072,2003,3.3,1,6,2,33.3,1.80,0.60,0.17,0.50,17.2,1,0,0,0.5,0.5,0.08,+0.5,+0.5,Matches
24,Iván Angulo,co COL,FWMF,Orlando City,26-042,1999,8.5,0,13,3,23.1,1.53,0.35,0.00,0.00,16.6,0,0,0,1.3,1.3,0.10,-1.3,-1.3,Matches
25,Conner Antley,us USA,MF,D.C. United,30-042,1995,0.1,0,0,0,,0.00,0.00,,,,0,0,0,0.0,0.0,,0.0,0.0,Matches
Rk
26,Antony,br BRA,FWMF,Portland Timbers,23-237,2001,8.9,4,19,10,52.6,2.14,1.13,0.21,0.40,20.5,0,0,0,2.3,2.3,0.12,+1.7,+1.7,Matches
27,Brian Anunga,cm CMR,MF,FC Cincinnati,28-266,1996,6.0,0,1,0,0.0,0.17,0.00,0.00,,8.6,0,0,0,0.0,0.0,0.05,0.0,0.0,Matches
28,Chris Applewhite,us USA,DF,Nashville SC,17-253,2007,0.2,0,0,0,,0.00,0.00,,,,0,0,0,0.0,0.0,,0.0,0.0,Matches
29,Cristian Arango,co COL,MFFW,SJ Earthquakes,30-055,1995,9.8,6,39,10,25.6,4.00,1.03,0.10,0.40,19.7,3,2,2,6.3,4.8,0.12,-0.3,-0.8,Matches
30,César Araujo,uy URU,MF,Orlando City,24-031,2001,5.0,1,3,1,33.3,0.60,0.20,0.33,1.00,14.7,1,0,0,0.3,0.3,0.10,+0.7,+0.7,Matches
31,Maximilian Arfsten,us USA,MFDF,Columbus Crew,24-014,2001,9.0,2,16,5,31.3,1.78,0.56,0.13,0.40,14.2,0,0,0,2.5,2.5,0.15,-0.5,-0.5,Matches
32,Daniel Armando Ríos,mx MEX,FW,Vancouver W'caps,30-070,1995,3.7,1,12,2,16.7,3.20,0.53,0.08,0.50,15.1,0,0,1,2.1,1.3,0.11,-1.1,-0.3,Matches
33,Paul Arriola,us USA,FWDF,Seattle Sounders,30-087,1995,0.8,0,1,0,0.0,1.20,0.00,0.00,,12.5,0,0,0,0.0,0.0,0.05,0.0,0.0,Matches
34,Artur,br BRA,MF,Houston Dynamo,29-053,1996,10.0,0,5,0,0.0,0.50,0.00,0.00,,26.3,0,0,0,0.2,0.2,0.03,-0.2,-0.2,Matches
35,Joshua Atencio,us USA,MF,Colorado Rapids,23-092,2002,7.7,0,6,0,0.0,0.78,0.00,0.00,,21.0,0,0,0,0.4,0.4,0.07,-0.4,-0.4,Matches
36,Eduard Atuesta,co COL,MF,Orlando City,27-319,1997,6.8,0,8,1,12.5,1.17,0.15,0.00,0.00,19.5,0,0,0,1.0,1.0,0.12,-1.0,-1.0,Matches
37,Julián Aude,ar ARG,DFMF,LA Galaxy,22-040,2003,5.4,0,1,1,100.0,0.18,0.18,0.00,0.00,8.1,0,0,0,0.2,0.2,0.15,-0.2,-0.2,Matches
38,Tomás Avilés,ar ARG,DFMF,Inter Miami,21-089,2004,4.6,1,3,1,33.3,0.66,0.22,0.33,1.00,24.0,0,0,0,0.5,0.5,0.17,+0.5,+0.5,Matches
39,Chidozie Awaziem,ng NGA,DF,Colorado Rapids,28-122,1997,9.7,0,7,1,14.3,0.72,0.10,0.00,0.00,15.6,1,0,0,0.5,0.5,0.07,-0.5,-0.5,Matches
40,Obafemi Awodesu,us USA,DF,Houston Dynamo,24-028,2001,10.0,0,1,0,0.0,0.10,0.00,0.00,,10.3,0,0,0,0.0,0.0,0.02,0.0,0.0,Matches
41,David Ayala,ar ARG,MF,Portland Timbers,22-281,2002,8.7,1,11,2,18.2,1.27,0.23,0.09,0.50,13.5,0,0,0,0.8,0.8,0.07,+0.2,+0.2,Matches
42,Dominique Badji,sn SEN,FWMF,D.C. United,32-199,1992,3.2,0,5,3,60.0,1.54,0.92,0.00,0.00,13.1,0,0,0,1.0,1.0,0.21,-1.0,-1.0,Matches
43,Jeevan Badwal,ca CAN,MFFW,Vancouver W'caps,19-053,2006,1.4,0,0,0,,0.00,0.00,,,,0,0,0,0.0,0.0,,0.0,0.0,Matches
44,Corey Baird,us USA,MFFW,FC Cincinnati,29-093,1996,3.2,0,6,1,16.7,1.90,0.32,0.00,0.00,11.5,0,0,0,0.7,0.7,0.12,-0.7,-0.7,Matches
45,Cody Baker,us USA,MF,Seattle Sounders,21-116,2004,0.2,0,0,0,,0.00,0.00,,,,0,0,0,0.0,0.0,,0.0,0.0,Matches
46,Reed Baker-Whiting,us USA,FWMF,Seattle Sounders,20-033,2005,0.3,0,1,0,0.0,3.10,0.00,0.00,,10.1,0,0,0,0.1,0.1,0.07,-0.1,-0.1,Matches
47,Monsef Bakrar,dz ALG,FWMF,NYCFC,24-110,2001,3.1,0,4,1,25.0,1.29,0.32,0.00,0.00,18.0,0,0,0,0.3,0.3,0.07,-0.3,-0.3,Matches
48,Jonathan Bamba,ci CIV,FW,Chicago Fire,29-038,1996,9.1,1,17,6,35.3,1.86,0.66,0.06,0.17,19.2,0,0,0,1.7,1.7,0.10,-0.7,-0.7,Matches
49,Fidel Barajas,mx MEX,FW,D.C. United,19-028,2006,0.2,0,0,0,,0.00,0.00,,,,0,0,0,0.0,0.0,,0.0,0.0,Matches
50,Jesús Barea,es ESP,FW,Real Salt Lake,23-005,2002,2.0,0,6,3,50.0,2.98,1.49,0.00,0.00,9.2,0,0,0,1.1,1.1,0.18,-1.1,-1.1,Matches
Rk
51,Tai Baribo,il ISR,FWMF,Philadelphia Union,27-108,1998,7.1,7,18,10,55.6,2.54,1.41,0.39,0.70,10.8,0,0,0,4.9,4.9,0.27,+2.1,+2.1,Matches
52,Tom Barlow,us USA,FWMF,Chicago Fire,29-299,1995,2.1,0,3,1,33.3,1.45,0.48,0.00,0.00,10.0,0,0,0,0.6,0.6,0.18,-0.6,-0.6,Matches
53,Luis Barraza,us USA,GK,D.C. United,28-176,1996,3.0,0,0,0,,0.00,0.00,,,,0,0,0,0.0,0.0,,0.0,0.0,Matches
54,Leonardo Barroso,pt POR,DF,Chicago Fire,19-325,2005,3.0,1,1,1,100.0,0.34,0.34,1.00,1.00,11.6,0,0,0,0.2,0.2,0.24,+0.8,+0.8,Matches
55,Jacob Bartlett,us USA,MF,Sporting KC,19-208,2005,5.9,0,0,0,,0.00,0.00,,,,0,0,0,0.0,0.0,,0.0,0.0,Matches
56,Lucas Bartlett,us USA,DF,D.C. United,27-281,1997,10.0,0,2,0,0.0,0.20,0.00,0.00,,8.5,0,0,0,0.2,0.2,0.11,-0.2,-0.2,Matches
57,Ethan Bartlow,us USA,DF,Houston Dynamo,25-090,2000,4.3,0,4,1,25.0,0.93,0.23,0.00,0.00,15.3,0,0,0,0.6,0.6,0.16,-0.6,-0.6,Matches
58,Cole Bassett,us USA,MFFW,Colorado Rapids,23-279,2001,9.4,1,20,5,25.0,2.12,0.53,0.05,0.20,14.7,0,0,0,2.4,2.4,0.12,-1.4,-1.4,Matches
59,Sam Bassett,us USA,MF,Colorado Rapids,22-020,2003,0.1,0,0,0,,0.00,0.00,,,,0,0,0,0.0,0.0,,0.0,0.0,Matches
60,Amine Bassi,fr FRA,MFFW,Houston Dynamo,27-157,1997,9.4,2,10,4,40.0,1.07,0.43,0.20,0.50,16.0,1,0,0,1.8,1.8,0.18,+0.2,+0.2,Matches
61,Zorhan Bassong,ca CAN,MF,Sporting KC,25-361,1999,3.1,1,3,3,100.0,0.96,0.96,0.33,0.33,15.7,0,0,0,0.1,0.1,0.04,+0.9,+0.9,Matches
62,Andy Batioja,co COL,FW,Houston Dynamo,19-092,2006,0.1,0,0,0,,0.00,0.00,,,,0,0,0,0.0,0.0,,0.0,0.0,Matches
63,Josh Bauer,us USA,DF,Nashville SC,26-285,1998,2.4,2,4,2,50.0,1.70,0.85,0.50,1.00,10.1,0,0,0,0.5,0.5,0.12,+1.5,+1.5,Matches
64,Timo Baumgartl,de GER,DF,St. Louis,29-060,1996,3.2,0,4,1,25.0,1.26,0.32,0.00,0.00,12.3,0,0,0,0.5,0.5,0.11,-0.5,-0.5,Matches
65,Tanner Beason,us USA,DF,NE Revolution,28-041,1997,3.6,0,1,1,100.0,0.28,0.28,0.00,0.00,11.6,0,0,0,0.1,0.1,0.09,-0.1,-0.1,Matches
66,Adam Beaudry,us USA,GK,Colorado Rapids,19-015,2006,1.0,0,0,0,,0.00,0.00,,,,0,0,0,0.0,0.0,,0.0,0.0,Matches
67,Simon Becher,us USA,FWMF,St. Louis,25-287,1999,4.8,1,15,7,46.7,3.14,1.47,0.07,0.14,13.8,0,0,0,2.5,2.5,0.17,-1.5,-1.5,Matches
68,Alejandro Bedoya,us USA,MFFW,Philadelphia Union,38-004,1987,0.8,0,0,0,,0.00,0.00,,,,0,0,0,0.0,0.0,,0.0,0.0,Matches
69,Jon Bell,jm JAM,DF,Seattle Sounders,27-250,1997,4.1,0,1,0,0.0,0.25,0.00,0.00,,8.7,0,0,0,0.1,0.1,0.12,-0.1,-0.1,Matches
70,Ramiro Benetti,br BRA,MF,FC Dallas,31-346,1993,9.1,0,1,0,0.0,0.11,0.00,0.00,,29.6,0,0,0,0.0,0.0,0.02,0.0,0.0,Matches
71,Christian Benteke,be BEL,FW,D.C. United,34-151,1990,8.2,5,38,19,50.0,4.63,2.32,0.11,0.21,11.5,0,1,2,6.3,4.8,0.13,-1.3,-0.8,Matches
72,Sebastian Berhalter,us USA,MF,Vancouver W'caps,23-351,2001,8.0,1,13,4,30.8,1.62,0.50,0.08,0.25,24.9,1,0,0,0.6,0.6,0.05,+0.4,+0.4,Matches
73,Federico Bernardeschi,it ITA,FW,Toronto FC,31-076,1994,9.8,2,24,9,37.5,2.46,0.92,0.04,0.11,21.7,1,1,1,2.2,1.5,0.06,-0.2,-0.5,Matches
74,Miguel Berry,es ESP,FW,LA Galaxy,27-229,1997,3.5,0,2,2,100.0,0.57,0.57,0.00,0.00,4.8,0,0,0,0.5,0.5,0.26,-0.5,-0.5,Matches
75,Pep Biel,es ESP,FWMF,Charlotte,28-240,1996,8.5,3,17,8,47.1,2.00,0.94,0.18,0.38,17.1,3,0,0,1.9,1.9,0.11,+1.1,+1.1,Matches
Rk
76,Guilherme Biro,br BRA,DF,Austin,25-002,2000,9.3,1,5,1,20.0,0.54,0.11,0.20,1.00,11.9,0,0,0,0.3,0.3,0.06,+0.7,+0.7,Matches
77,Tristan Blackmon,us USA,DF,Vancouver W'caps,28-264,1996,8.1,1,4,1,25.0,0.50,0.12,0.25,1.00,15.5,0,0,0,0.3,0.3,0.08,+0.7,+0.7,Matches
78,Andre Blake,jm JAM,GK,Philadelphia Union,34-163,1990,8.0,0,0,0,,0.00,0.00,,,,0,0,0,0.0,0.0,,0.0,0.0,Matches
79,Emmanuel Boateng,gh GHA,FW,San Diego FC,31-106,1994,0.8,0,0,0,,0.00,0.00,,,,0,0,0,0.0,0.0,,0.0,0.0,Matches
80,Wiktor Bogacz,pl POL,DFFW,NY Red Bulls,20-293,2004,0.3,0,0,0,,0.00,0.00,,,,0,0,0,0.0,0.0,,0.0,0.0,Matches
81,Luca Bombino,us USA,DF,San Diego FC,18-297,2006,2.7,0,2,0,0.0,0.75,0.00,0.00,,15.4,0,0,0,0.1,0.1,0.07,-0.1,-0.1,Matches
82,Jonathan Bond,eng ENG,GK,Houston Dynamo,31-349,1993,2.0,0,0,0,,0.00,0.00,,,,0,0,0,0.0,0.0,,0.0,0.0,Matches
83,Denis Bouanga,ga GAB,FW,LAFC,30-173,1994,8.4,4,35,15,42.9,4.19,1.80,0.09,0.20,18.1,3,1,2,5.2,3.6,0.10,-1.2,-0.6,Matches
84,Ousseni Bouda,bf BFA,FWMF,SJ Earthquakes,25-005,2000,3.7,1,13,6,46.2,3.51,1.62,0.08,0.17,17.2,0,0,0,1.7,1.7,0.13,-0.7,-0.7,Matches
85,Giuseppe Bovalina,au AUS,DF,Vancouver W'caps,20-173,2004,1.3,0,3,1,33.3,2.35,0.78,0.00,0.00,12.0,0,0,0,0.3,0.3,0.10,-0.3,-0.3,Matches
86,Michael Boxall,nz NZL,DF,Minnesota Utd,36-258,1988,8.0,0,0,0,,0.00,0.00,,,,0,0,0,0.0,0.0,,0.0,0.0,Matches
87,Christopher Brady,us USA,GK,Chicago Fire,21-061,2004,10.0,0,0,0,,0.00,0.00,,,,0,0,0,0.0,0.0,,0.0,0.0,Matches
88,Claudio Bravo,ar ARG,DF,Portland Timbers,28-051,1997,0.5,0,2,2,100.0,3.67,3.67,0.00,0.00,8.0,0,0,0,0.3,0.3,0.15,-0.3,-0.3,Matches
89,David Brekalo,si SVN,DF,Orlando City,26-151,1998,5.4,0,4,0,0.0,0.74,0.00,0.00,,10.7,0,0,0,0.2,0.2,0.06,-0.2,-0.2,Matches
90,Luke Brennan,us USA,FW,Atlanta Utd,20-068,2005,0.0,0,0,0,,0.00,0.00,,,,0,0,0,0.0,0.0,,0.0,0.0,Matches
91,Sebastian Breza,ca CAN,GK,CF Montréal,27-049,1998,1.0,0,0,0,,0.00,0.00,,,,0,0,0,0.0,0.0,,0.0,0.0,Matches
92,Yannick Bright,it ITA,MF,Inter Miami,23-242,2001,4.9,0,0,0,,0.00,0.00,,,,0,0,0,0.0,0.0,,0.0,0.0,Matches
93,Andrew Brody,us USA,DF,Sporting KC,30-000,1995,0.4,0,0,0,,0.00,0.00,,,,0,0,0,0.0,0.0,,0.0,0.0,Matches
94,Brandt Bronico,us USA,MF,Charlotte,29-317,1995,8.2,1,4,1,25.0,0.49,0.12,0.25,1.00,14.3,0,0,0,1.0,1.0,0.25,0.0,0.0,Matches
95,Lachlan Brook,au AUS,FW,Real Salt Lake,24-084,2001,0.9,0,4,0,0.0,4.24,0.00,0.00,,28.4,1,0,0,0.2,0.2,0.04,-0.2,-0.2,Matches
96,Javain Brown,jm JAM,DF,Real Salt Lake,26-055,1999,2.2,0,4,1,25.0,1.86,0.46,0.00,0.00,7.0,0,0,0,0.3,0.3,0.07,-0.3,-0.3,Matches
97,Tristan Brown,us USA,DF,Columbus Crew,17-198,2007,0.2,0,1,0,0.0,5.00,0.00,0.00,,19.6,0,0,0,0.0,0.0,0.02,0.0,0.0,Matches
98,Gastón Brugman,uy URU,MF,Nashville SC,32-238,1992,4.0,0,5,1,20.0,1.25,0.25,0.00,0.00,23.5,0,0,0,0.3,0.3,0.06,-0.3,-0.3,Matches
99,Ola Brynhildsen,no NOR,FWMF,Toronto FC,26-006,1999,2.2,0,2,0,0.0,0.90,0.00,0.00,,7.9,0,0,0,0.3,0.3,0.16,-0.3,-0.3,Matches
100,Pavel Bucha,cz CZE,MF,FC Cincinnati,27-053,1998,9.4,0,9,2,22.2,0.96,0.21,0.00,0.00,21.7,0,0,0,0.6,0.6,0.07,-0.6,-0.6,Matches
Rk
101,Noel Buck,eng ENG,MFDF,NE Revolution,20-028,2005,0.3,0,0,0,,0.00,0.00,,,,0,0,0,0.0,0.0,,0.0,0.0,Matches
102,Dawid Bugaj,pl POL,DF,CF Montréal,20-298,2004,2.5,0,1,0,0.0,0.41,0.00,0.00,,25.9,0,0,0,0.0,0.0,0.04,0.0,0.0,Matches
103,Osman Bukari,gh GHA,MFFW,Austin,26-141,1998,7.6,1,15,4,26.7,1.98,0.53,0.07,0.25,20.6,0,0,0,1.4,1.4,0.09,-0.4,-0.4,Matches
104,Teal Bunbury,us USA,FWMF,Nashville SC,35-065,1990,0.6,0,5,1,20.0,7.89,1.58,0.00,0.00,9.0,0,0,0,0.8,0.8,0.17,-0.8,-0.8,Matches
105,Roman Bürki,ch SUI,GK,St. Louis,34-170,1990,3.0,0,0,0,,0.00,0.00,,,,0,0,0,0.0,0.0,,0.0,0.0,Matches
106,Evan Bush,us USA,GK,Columbus Crew,39-058,1986,1.0,0,0,0,,0.00,0.00,,,,0,0,0,0.0,0.0,,0.0,0.0,Matches
107,Sergio Busquets,es ESP,MF,Inter Miami,36-291,1988,7.9,0,0,0,,0.00,0.00,,,,0,0,0,0.0,0.0,,0.0,0.0,Matches
108,Brandon Bye,us USA,DF,NE Revolution,29-155,1995,3.0,0,0,0,,0.00,0.00,,,,0,0,0,0.0,0.0,,0.0,0.0,Matches
109,Nathan Byrne,eng ENG,DF,Charlotte,32-332,1992,8.0,0,0,0,,0.00,0.00,,,,0,0,0,0.0,0.0,,0.0,0.0,Matches
110,Kevin Cabral,fr FRA,FW,Colorado Rapids,25-297,1999,5.6,0,10,3,30.0,1.78,0.53,0.00,0.00,14.1,0,0,0,0.9,0.9,0.09,-0.9,-0.9,Matches
111,Rafael Cabral,br BRA,GK,Real Salt Lake,34-348,1990,10.0,0,0,0,,0.00,0.00,,,,0,0,0,0.0,0.0,,0.0,0.0,Matches
112,Noel Caliskan,de GER,FW,Real Salt Lake,24-247,2000,0.0,0,0,0,,0.00,0.00,,,,0,0,0,0.0,0.0,,0.0,0.0,Matches
113,Drake Callender,us USA,GK,Inter Miami,27-208,1997,2.1,0,0,0,,0.00,0.00,,,,0,0,0,0.0,0.0,,0.0,0.0,Matches
114,Leonardo Campana,ec ECU,FW,NE Revolution,24-283,2000,4.0,1,10,3,30.0,2.50,0.75,0.10,0.33,16.2,0,0,0,0.9,0.9,0.09,+0.1,+0.1,Matches
115,George Campbell,us USA,DF,CF Montréal,23-315,2001,7.9,0,7,2,28.6,0.88,0.25,0.00,0.00,19.7,0,0,0,0.3,0.3,0.04,-0.3,-0.3,Matches
116,Reggie Cannon,us USA,DF,Colorado Rapids,26-326,1998,6.3,0,1,0,0.0,0.16,0.00,0.00,,21.0,0,0,0,0.0,0.0,0.03,0.0,0.0,Matches
117,Gustavo Caraballo,us USA,MFFW,Orlando City,16-247,2008,0.2,0,1,0,0.0,6.43,0.00,0.00,,5.8,0,0,0,0.1,0.1,0.14,-0.1,-0.1,Matches
118,Felipe Carballo,uy URU,MF,NY Red Bulls,28-211,1996,4.9,0,8,2,25.0,1.65,0.41,0.00,0.00,23.4,0,0,0,0.3,0.3,0.03,-0.3,-0.3,Matches
119,Wikelman Carmona,ve VEN,FWMF,NY Red Bulls,22-068,2003,4.2,0,7,3,42.9,1.65,0.71,0.00,0.00,18.3,0,0,0,0.4,0.4,0.05,-0.4,-0.4,Matches
120,Maximo Carrizo,us USA,FW,NYCFC,17-064,2008,0.2,0,0,0,,0.00,0.00,,,,0,0,0,0.0,0.0,,0.0,0.0,Matches
121,Julio Cascante,cr CRC,DF,Austin,31-212,1993,3.5,0,2,0,0.0,0.58,0.00,0.00,,14.8,0,0,0,0.1,0.1,0.04,-0.1,-0.1,Matches
122,Nico Cavallo,us USA,DF,NYCFC,23-127,2001,1.0,0,1,0,0.0,0.97,0.00,0.00,,31.9,0,0,0,0.0,0.0,0.03,0.0,0.0,Matches
123,Brayan Ceballos,co COL,DF,NE Revolution,23-344,2001,8.0,0,5,0,0.0,0.62,0.00,0.00,,11.2,0,0,0,0.3,0.3,0.06,-0.3,-0.3,Matches
124,Roman Celentano,us USA,GK,FC Cincinnati,24-231,2000,10.0,0,0,0,,0.00,0.00,,,,0,0,0,0.0,0.0,,0.0,0.0,Matches
125,Edwin Cerrillo,us USA,MFDF,LA Galaxy,24-212,2000,8.6,0,6,0,0.0,0.70,0.00,0.00,,25.0,0,0,0,0.2,0.2,0.03,-0.2,-0.2,Matches
Rk
126,Dylan Chambost,fr FRA,MF,Columbus Crew,27-257,1997,9.8,0,9,1,11.1,0.92,0.10,0.00,0.00,19.9,1,0,0,0.7,0.7,0.08,-0.7,-0.7,Matches
127,Tomás Chancalay,ar ARG,FW,NE Revolution,26-122,1999,0.6,0,2,1,50.0,3.27,1.64,0.00,0.00,28.8,1,0,0,0.1,0.1,0.03,-0.1,-0.1,Matches
128,Maxime Chanot,lu LUX,DF,LAFC,35-163,1989,0.7,0,0,0,,0.00,0.00,,,,0,0,0,0.0,0.0,,0.0,0.0,Matches
129,Diego Chará,co COL,MF,Portland Timbers,39-028,1986,6.9,0,2,0,0.0,0.29,0.00,0.00,,28.4,0,0,0,0.1,0.1,0.03,-0.1,-0.1,Matches
130,Gabriel Chaves,br BRA,FWMF,LA Galaxy,24-081,2001,9.0,1,37,11,29.7,4.11,1.22,0.03,0.09,19.1,1,0,0,2.6,2.6,0.07,-1.6,-1.6,Matches
131,Yevhen Cheberko,ua UKR,DF,Columbus Crew,27-100,1998,7.5,0,3,0,0.0,0.40,0.00,0.00,,16.3,0,0,0,0.3,0.3,0.09,-0.3,-0.3,Matches
132,Ștefan Chirilă,ro ROU,MF,FC Cincinnati,18-108,2007,0.1,0,0,0,,0.00,0.00,,,,0,0,0,0.0,0.0,,0.0,0.0,Matches
133,Dominik Chong Qui,us USA,DF,Atlanta Utd,17-125,2007,0.7,0,0,0,,0.00,0.00,,,,0,0,0,0.0,0.0,,0.0,0.0,Matches
134,Léo Chú,br BRA,FWMF,FC Dallas,25-027,2000,2.3,1,6,1,16.7,2.57,0.43,0.17,1.00,15.4,0,0,0,1.0,1.0,0.16,0.0,0.0,Matches
135,Markus Cimermancic,ca CAN,DFMF,Toronto FC,20-214,2004,2.4,0,1,0,0.0,0.41,0.00,0.00,,10.7,0,0,0,0.0,0.0,0.03,0.0,0.0,Matches
136,Caden Clark,us USA,FWMF,CF Montréal,21-341,2003,7.2,0,12,4,33.3,1.67,0.56,0.00,0.00,17.9,0,0,0,1.0,1.0,0.08,-1.0,-1.0,Matches
137,Noah Cobb,us USA,DFFW,Atlanta Utd,19-287,2005,2.8,0,1,0,0.0,0.36,0.00,0.00,,16.7,0,0,0,0.0,0.0,0.03,0.0,0.0,Matches
138,Alonso Coello,es ESP,MF,Toronto FC,25-203,1999,5.0,0,1,0,0.0,0.20,0.00,0.00,,25.2,0,0,0,0.0,0.0,0.03,0.0,0.0,Matches
139,Michael Collodi,us USA,GK,FC Dallas,23-343,2001,1.0,0,0,0,,0.00,0.00,,,,0,0,0,0.0,0.0,,0.0,0.0,Matches
140,Theo Corbeanu,ca CAN,FWMF,Toronto FC,22-351,2002,5.6,1,11,3,27.3,1.98,0.54,0.09,0.33,17.6,0,0,0,1.1,1.1,0.10,-0.1,-0.1,Matches
141,Matthew Corcoran,us USA,MF,Nashville SC,19-075,2006,1.6,0,0,0,,0.00,0.00,,,,0,0,0,0.0,0.0,,0.0,0.0,Matches
142,Carlos Coronel,py PAR,GK,NY Red Bulls,28-125,1996,9.0,0,0,0,,0.00,0.00,,,,0,0,0,0.0,0.0,,0.0,0.0,Matches
143,David Costa,pt POR,MFFW,Portland Timbers,24-118,2001,9.3,2,18,7,38.9,1.94,0.75,0.11,0.29,17.8,3,0,0,1.6,1.6,0.09,+0.4,+0.4,Matches
144,Vitor Costa,br BRA,DF,SJ Earthquakes,30-306,1994,3.8,1,8,2,25.0,2.08,0.52,0.13,0.50,13.3,0,0,0,1.0,1.0,0.13,0.0,0.0,Matches
145,Brandan Craig,us USA,DF,CF Montréal,21-026,2004,1.2,0,0,0,,0.00,0.00,,,,0,0,0,0.0,0.0,,0.0,0.0,Matches
146,Ben Cremaschi,us USA,MFFW,Inter Miami,20-062,2005,6.2,1,5,2,40.0,0.81,0.32,0.20,0.50,18.6,1,0,0,0.8,0.8,0.16,+0.2,+0.2,Matches
147,Maxime Crépeau,ca CAN,GK,Portland Timbers,30-357,1994,1.0,0,0,0,,0.00,0.00,,,,0,0,0,0.0,0.0,,0.0,0.0,Matches
148,Andrés Cubas,py PAR,MF,Vancouver W'caps,28-346,1996,6.9,0,0,0,,0.00,0.00,,,,0,0,0,0.0,0.0,,0.0,0.0,Matches
149,Mauricio Cuevas,us USA,MF,LA Galaxy,22-082,2003,0.1,0,0,0,,0.00,0.00,,,,0,0,0,0.0,0.0,,0.0,0.0,Matches
150,Christopher Cupps,us USA,DF,Chicago Fire,16-342,2008,0.2,0,0,0,,0.00,0.00,,,,0,0,0,0.0,0.0,,0.0,0.0,Matches
Rk
151,Hugo Cuypers,be BEL,FW,Chicago Fire,28-085,1997,8.9,7,26,12,46.2,2.92,1.35,0.23,0.50,11.6,0,1,1,6.8,6.0,0.23,+0.2,0.0,Matches
152,Bruno Damiani,uy URU,FW,Philadelphia Union,23-015,2002,4.9,2,22,10,45.5,4.50,2.05,0.09,0.20,12.7,0,0,0,4.6,3.7,0.17,-2.6,-1.7,Matches
153,Dagur Dan Þórhallsson,is ISL,MFDF,Orlando City,25-001,2000,4.3,1,1,1,100.0,0.23,0.23,1.00,1.00,13.7,0,0,0,0.2,0.2,0.20,+0.8,+0.8,Matches
154,Daniel,br BRA,GK,SJ Earthquakes,30-362,1994,8.2,0,0,0,,0.00,0.00,,,,0,0,0,0.0,0.0,,0.0,0.0,Matches
155,Jesús Daniel Bueno,ve VEN,MF,Philadelphia Union,26-018,1999,0.9,0,1,0,0.0,1.14,0.00,0.00,,18.7,0,0,0,0.0,0.0,0.05,0.0,0.0,Matches
156,Héctor David Martínez,py PAR,DFFW,Inter Miami,27-102,1998,1.1,1,3,1,33.3,2.62,0.87,0.33,1.00,8.2,0,0,0,0.2,0.2,0.08,+0.8,+0.8,Matches
157,Juan David Mosquera,co COL,DF,Portland Timbers,22-240,2002,4.9,0,5,2,40.0,1.01,0.40,0.00,0.00,14.5,0,0,0,0.5,0.5,0.09,-0.5,-0.5,Matches
158,Bode Davis,us USA,DF,Real Salt Lake,23-070,2002,5.8,0,4,3,75.0,0.69,0.52,0.00,0.00,22.8,0,0,0,0.3,0.3,0.08,-0.3,-0.3,Matches
159,Jake Davis,us USA,DFMF,Sporting KC,23-120,2002,7.5,0,7,2,28.6,0.93,0.27,0.00,0.00,22.3,0,0,0,0.3,0.3,0.05,-0.3,-0.3,Matches
160,Pedro De la Vega,ar ARG,FWMF,Seattle Sounders,24-085,2001,3.0,1,7,1,14.3,2.30,0.33,0.14,1.00,21.6,1,0,0,0.5,0.5,0.07,+0.5,+0.5,Matches
161,Jonathan Dean,us USA,DF,Chicago Fire,27-353,1997,3.6,0,2,1,50.0,0.55,0.28,0.00,0.00,24.6,0,0,0,0.1,0.1,0.06,-0.1,-0.1,Matches
162,Marky Delgado,us USA,MF,LAFC,29-352,1995,7.4,0,3,0,0.0,0.41,0.00,0.00,,12.8,0,0,0,0.4,0.4,0.14,-0.4,-0.4,Matches
163,Patrickson Delgado,ec ECU,FWMF,FC Dallas,21-198,2003,3.0,0,3,0,0.0,1.00,0.00,0.00,,19.9,0,0,0,0.1,0.1,0.05,-0.1,-0.1,Matches
164,Kévin Denkey,tg TOG,FW,FC Cincinnati,24-154,2000,8.2,6,21,7,33.3,2.55,0.85,0.19,0.57,16.8,0,2,2,4.5,2.9,0.14,+1.5,+1.1,Matches
165,Mikkel Desler,dk DEN,DF,Austin,30-073,1995,2.6,0,2,0,0.0,0.76,0.00,0.00,,21.8,0,0,0,0.1,0.1,0.07,-0.1,-0.1,Matches
166,Djibril Diani,fr FRA,MFDF,Charlotte,27-081,1998,1.8,0,1,0,0.0,0.56,0.00,0.00,,19.6,0,0,0,0.0,0.0,0.05,0.0,0.0,Matches
167,Jefferson Díaz,co COL,DF,Minnesota Utd,24-149,2000,5.7,0,4,2,50.0,0.70,0.35,0.00,0.00,14.0,0,0,0,0.1,0.1,0.03,-0.1,-0.1,Matches
168,Luis Díaz,cr CRC,FWMF,NE Revolution,26-148,1998,1.0,0,4,0,0.0,3.87,0.00,0.00,,17.6,0,0,0,0.1,0.1,0.03,-0.1,-0.1,Matches
169,Hamady Diop,sn SEN,DF,San Diego FC,22-331,2002,2.1,0,2,1,50.0,0.97,0.48,0.00,0.00,31.5,1,0,0,0.1,0.1,0.04,-0.1,-0.1,Matches
170,Innocent Dje,ci CIV,MF,Chicago Fire,21-363,2003,1.0,0,0,0,,0.00,0.00,,,,0,0,0,0.0,0.0,,0.0,0.0,Matches
171,Derek Dodson,us USA,DF,D.C. United,26-181,1998,1.7,0,1,1,100.0,0.58,0.58,0.00,0.00,15.6,0,0,0,0.1,0.1,0.08,-0.1,-0.1,Matches
172,Maxime Dominguez,ch SUI,MF,Toronto FC,29-091,1996,1.4,0,1,0,0.0,0.70,0.00,0.00,,10.0,0,0,0,0.0,0.0,0.03,0.0,0.0,Matches
173,Ronald Donkor,ml MLI,MF,NY Red Bulls,20-164,2004,0.8,0,0,0,,0.00,0.00,,,,0,0,0,0.0,0.0,,0.0,0.0,Matches
174,Christopher Donovan,us USA,FW,Philadelphia Union,24-268,2000,0.9,0,3,1,33.3,3.46,1.15,0.00,0.00,14.2,0,0,0,0.2,0.2,0.08,-0.2,-0.2,Matches
175,Griffin Dorsey,us USA,DF,Houston Dynamo,26-059,1999,9.9,0,8,1,12.5,0.81,0.10,0.00,0.00,15.5,0,0,0,0.8,0.8,0.10,-0.8,-0.8,Matches
Rk
176,C.J. dos Santos,us USA,GK,San Diego FC,24-252,2000,10.0,0,0,0,,0.00,0.00,,,,0,0,0,0.0,0.0,,0.0,0.0,Matches
177,Hassani Dotson,us USA,MF,Minnesota Utd,27-270,1997,4.1,1,2,2,100.0,0.48,0.48,0.50,0.50,20.3,0,0,0,0.1,0.1,0.05,+0.9,+0.9,Matches
178,Souleyman Doumbia,ci CIV,DF,Charlotte,28-221,1996,3.5,0,0,0,,0.00,0.00,,,,0,0,0,0.0,0.0,,0.0,0.0,Matches
179,Anders Dreyer,dk DEN,FWMF,San Diego FC,27-001,1998,9.6,3,29,11,37.9,3.01,1.14,0.10,0.27,16.4,1,0,0,4.3,4.3,0.15,-1.3,-1.3,Matches
180,Nicolás Dubersarsky,ar ARG,MF,Austin,20-133,2004,0.8,0,0,0,,0.00,0.00,,,,0,0,0,0.0,0.0,,0.0,0.0,Matches
181,Erik Duenas,us USA,MFFW,Houston Dynamo,20-197,2004,0.8,0,1,1,100.0,1.25,1.25,0.00,0.00,17.1,0,0,0,0.1,0.1,0.05,-0.1,-0.1,Matches
182,Morris Duggan,de GER,DF,Minnesota Utd,24-191,2000,6.3,0,2,2,100.0,0.32,0.32,0.00,0.00,10.5,0,0,0,0.3,0.3,0.17,-0.3,-0.3,Matches
183,Bryce Duke,us USA,MFFW,CF Montréal,24-064,2001,4.7,0,7,4,57.1,1.49,0.85,0.00,0.00,16.6,1,0,0,0.6,0.6,0.08,-0.6,-0.6,Matches
184,Kyle Duncan,us USA,DF,NY Red Bulls,27-268,1997,1.0,0,1,1,100.0,1.00,1.00,0.00,0.00,37.0,0,0,0,0.0,0.0,0.01,0.0,0.0,Matches
185,Chris Durkin,us USA,MFFW,St. Louis,25-084,2000,3.8,0,4,0,0.0,1.06,0.00,0.00,,28.4,0,0,0,0.1,0.1,0.03,-0.1,-0.1,Matches
186,Jeremy Ebobisse,us USA,FW,LAFC,28-078,1997,2.7,1,5,2,40.0,1.88,0.75,0.20,0.50,12.0,0,0,0,0.5,0.5,0.11,+0.5,+0.5,Matches
187,Daniel Edelman,us USA,MF,NY Red Bulls,22-005,2003,6.9,0,2,1,50.0,0.29,0.14,0.00,0.00,25.6,0,0,0,0.1,0.1,0.03,-0.1,-0.1,Matches
188,Earl Edwards Jr.,us USA,GK,SJ Earthquakes,33-099,1992,1.8,0,0,0,,0.00,0.00,,,,0,0,0,0.0,0.0,,0.0,0.0,Matches
189,Matthew Edwards,us USA,DF,Atlanta Utd,22-075,2003,4.8,0,2,1,50.0,0.42,0.21,0.00,0.00,6.3,0,0,0,0.2,0.2,0.09,-0.2,-0.2,Matches
190,Michael Edwards,us USA,DF,Colorado Rapids,24-157,2000,0.3,0,0,0,,0.00,0.00,,,,0,0,0,0.0,0.0,,0.0,0.0,Matches
191,Raheem Edwards,ca CAN,DF,NY Red Bulls,29-292,1995,3.7,0,3,0,0.0,0.80,0.00,0.00,,19.4,0,0,0,0.4,0.4,0.14,-0.4,-0.4,Matches
192,Noah Eile,se SWE,DF,NY Red Bulls,22-288,2002,9.5,1,9,5,55.6,0.95,0.53,0.11,0.20,10.2,0,0,0,1.2,1.2,0.13,-0.2,-0.2,Matches
193,Jack Elliott,eng ENG,DF,Chicago Fire,29-251,1995,9.0,0,9,2,22.2,1.00,0.22,0.00,0.00,14.8,0,0,0,0.5,0.5,0.06,-0.5,-0.5,Matches
194,Emeka Eneli,us USA,MF,Real Salt Lake,25-197,1999,8.5,0,4,1,25.0,0.47,0.12,0.00,0.00,23.7,0,0,0,0.1,0.1,0.03,-0.1,-0.1,Matches
195,Lukas Engel,dk DEN,DF,FC Cincinnati,26-140,1998,9.3,0,9,3,33.3,0.97,0.32,0.00,0.00,17.2,0,0,0,0.6,0.6,0.06,-0.6,-0.6,Matches
196,Boris Enow,cm CMR,MF,D.C. United,25-034,2000,4.6,1,3,1,33.3,0.65,0.22,0.33,1.00,25.7,1,0,0,0.3,0.3,0.11,+0.7,+0.7,Matches
197,Ramiro Enrique,ar ARG,FWMF,Orlando City,23-364,2001,2.2,0,1,1,100.0,0.46,0.46,0.00,0.00,13.3,0,0,0,0.2,0.2,0.20,-0.2,-0.2,Matches
198,Franco Escobar,ar ARG,DF,Houston Dynamo,30-071,1995,7.9,1,4,2,50.0,0.51,0.25,0.25,0.50,11.6,0,0,0,0.4,0.4,0.09,+0.6,+0.6,Matches
199,Cristian Espinoza,ar ARG,DFFW,SJ Earthquakes,30-030,1995,10.0,2,12,4,33.3,1.20,0.40,0.08,0.25,23.0,2,1,1,1.6,0.8,0.07,+0.4,+0.2,Matches
200,Derrick Etienne,ht HAI,FW,Toronto FC,28-159,1996,3.1,0,3,1,33.3,0.97,0.32,0.00,0.00,14.1,0,0,0,0.5,0.5,0.16,-0.5,-0.5,Matches
Rk
201,Evander,br BRA,MFFW,FC Cincinnati,26-328,1998,7.0,6,27,15,55.6,3.86,2.14,0.22,0.40,23.6,5,0,0,1.5,1.5,0.05,+4.5,+4.5,Matches
202,Diego Fagúndez,uy URU,FWMF,LA Galaxy,30-078,1995,8.9,1,9,1,11.1,1.01,0.11,0.11,1.00,23.6,2,0,0,0.3,0.3,0.04,+0.7,+0.7,Matches
203,Maximiliano Falcón,uy URU,DF,Inter Miami,28-002,1997,3.9,0,2,0,0.0,0.52,0.00,0.00,,8.3,0,0,0,0.3,0.3,0.13,-0.3,-0.3,Matches
204,Marco Farfan,us USA,DF,FC Dallas,26-172,1998,5.2,0,3,0,0.0,0.58,0.00,0.00,,13.8,0,0,0,0.2,0.2,0.05,-0.2,-0.2,Matches
205,Logan Farrington,us USA,FW,FC Dallas,23-140,2001,5.1,1,5,3,60.0,0.99,0.59,0.20,0.33,15.0,0,0,0,0.2,0.2,0.05,+0.8,+0.8,Matches
206,Mohamed Farsi,dz ALG,DFMF,Columbus Crew,25-138,1999,7.9,0,7,3,42.9,0.89,0.38,0.00,0.00,15.5,0,0,0,1.7,1.7,0.24,-1.7,-1.7,Matches
207,Ilay Feingold,il ISR,DFFW,NE Revolution,20-253,2004,8.1,0,3,0,0.0,0.37,0.00,0.00,,23.8,0,0,0,0.1,0.1,0.02,-0.1,-0.1,Matches
208,Joaquín Fernández,es ESP,DF,Sporting KC,28-337,1996,6.2,0,4,0,0.0,0.65,0.00,0.00,,10.9,0,0,0,0.3,0.3,0.08,-0.3,-0.3,Matches
209,Julián Fernández,ar ARG,FWMF,NYCFC,21-120,2004,4.7,1,10,3,30.0,2.14,0.64,0.10,0.33,17.3,1,0,0,0.7,0.7,0.07,+0.3,+0.3,Matches
210,Omir Fernandez,us USA,MFFW,Colorado Rapids,26-084,1999,2.0,0,2,0,0.0,0.99,0.00,0.00,,15.8,0,0,0,0.2,0.2,0.08,-0.2,-0.2,Matches
211,Omir Fernandez,us USA,FWMF,Portland Timbers,26-084,1999,0.2,0,0,0,,0.00,0.00,,,,0,0,0,0.0,0.0,,0.0,0.0,Matches
212,Jesús Ferreira,us USA,FWMF,Seattle Sounders,24-130,2000,7.3,0,7,1,14.3,0.96,0.14,0.00,0.00,18.1,1,0,0,0.6,0.6,0.09,-0.6,-0.6,Matches
213,Nicolas Fleuriau,ca CAN,DFFW,Vancouver W'caps,22-347,2002,0.1,0,2,1,50.0,22.50,11.25,0.00,0.00,11.0,0,0,0,0.1,0.1,0.06,-0.1,-0.1,Matches
214,Deybi Flores,hn HON,MF,Toronto FC,28-321,1996,6.7,1,7,3,42.9,1.04,0.45,0.14,0.33,20.0,0,0,0,0.5,0.5,0.07,+0.5,+0.5,Matches
215,Gilberto Flores,py PAR,DF,FC Cincinnati,22-032,2003,6.4,0,2,0,0.0,0.31,0.00,0.00,,22.7,0,0,0,0.0,0.0,0.01,0.0,0.0,Matches
216,Max Floriani,us USA,DF,SJ Earthquakes,22-086,2003,1.0,0,0,0,,0.00,0.00,,,,0,0,0,0.0,0.0,,0.0,0.0,Matches
217,CJ Fodrey,us USA,FWMF,Austin,21-082,2004,0.5,0,2,0,0.0,4.39,0.00,0.00,,13.3,0,0,0,0.2,0.2,0.09,-0.2,-0.2,Matches
218,Mamadou Fofana,ml MLI,DF,NE Revolution,27-102,1998,8.9,0,1,0,0.0,0.11,0.00,0.00,,16.4,0,0,0,0.0,0.0,0.03,0.0,0.0,Matches
219,Emil Forsberg,se SWE,MFFW,NY Red Bulls,33-192,1991,9.8,3,18,4,22.2,1.83,0.41,0.11,0.50,22.9,3,1,1,2.8,2.1,0.11,+0.2,-0.1,Matches
220,Ajani Fortune,tt TRI,MF,Atlanta Utd,22-124,2002,3.0,0,2,1,50.0,0.66,0.33,0.00,0.00,24.3,0,0,0,0.1,0.1,0.04,-0.1,-0.1,Matches
221,Jimer Fory,co COL,DFMF,Portland Timbers,22-344,2002,8.6,0,2,1,50.0,0.23,0.12,0.00,0.00,24.9,0,0,0,0.0,0.0,0.01,0.0,0.0,Matches
222,Kobe Franklin,ca CAN,DF,Toronto FC,21-358,2003,0.4,0,0,0,,0.00,0.00,,,,0,0,0,0.0,0.0,,0.0,0.0,Matches
223,Ian Fray,us USA,DF,Inter Miami,22-245,2002,4.7,0,3,1,33.3,0.64,0.21,0.00,0.00,17.3,0,0,0,0.2,0.2,0.06,-0.2,-0.2,Matches
224,Wayne Frederick,tt TRI,MF,Colorado Rapids,20-324,2004,1.2,0,1,0,0.0,0.81,0.00,0.00,,20.2,0,0,0,0.0,0.0,0.05,0.0,0.0,Matches
225,Alexander Freeman,us USA,DF,Orlando City,20-267,2004,9.4,3,11,4,36.4,1.17,0.43,0.27,0.75,12.4,0,0,0,1.3,1.3,0.12,+1.7,+1.7,Matches
Rk
226,Matt Freese,us USA,GK,NYCFC,26-243,1998,10.0,0,0,0,,0.00,0.00,,,,0,0,0,0.0,0.0,,0.0,0.0,Matches
227,Stefan Frei,ch SUI,GK,Seattle Sounders,39-013,1986,9.0,0,0,0,,0.00,0.00,,,,0,0,0,0.0,0.0,,0.0,0.0,Matches
228,Julian Gaines,us USA,FW,Nashville SC,22-179,2002,0.1,0,0,0,,0.00,0.00,,,,0,0,0,0.0,0.0,,0.0,0.0,Matches
229,Jon Gallagher,ie IRL,DF,Austin,29-069,1996,7.7,1,6,2,33.3,0.78,0.26,0.17,0.50,20.1,0,0,0,0.6,0.6,0.10,+0.4,+0.4,Matches
230,Pedro Gallese,pe PER,GK,Orlando City,35-069,1990,9.0,0,0,0,,0.00,0.00,,,,0,0,0,0.0,0.0,,0.0,0.0,Matches
231,Ignatius Ganago,cm CMR,FWMF,NE Revolution,26-076,1999,8.5,1,16,9,56.3,1.88,1.06,0.06,0.11,13.6,0,0,0,2.6,2.6,0.16,-1.6,-1.6,Matches
232,Carlos Garcés,co COL,DF,LA Galaxy,23-204,2001,6.6,1,2,1,50.0,0.30,0.15,0.50,1.00,18.3,0,0,0,0.2,0.2,0.08,+0.8,+0.8,Matches
233,Manu García,es ESP,MF,Sporting KC,27-121,1998,9.5,1,11,4,36.4,1.16,0.42,0.09,0.25,19.7,0,0,0,0.7,0.7,0.06,+0.3,+0.3,Matches
234,Ryan Gauld,sct SCO,FW,Vancouver W'caps,29-138,1995,2.2,1,5,3,60.0,2.27,1.36,0.20,0.33,14.8,1,0,0,0.6,0.6,0.13,+0.4,+0.4,Matches
235,Dániel Gazdag,hu HUN,MFFW,Philadelphia Union,29-062,1996,5.5,2,5,3,60.0,0.91,0.55,0.40,0.67,9.2,0,0,0,1.1,1.1,0.22,+0.9,+0.9,Matches
236,Dániel Gazdag,hu HUN,FWMF,Columbus Crew,29-062,1996,2.5,0,4,0,0.0,1.60,0.00,0.00,,7.2,0,0,0,1.2,1.2,0.31,-1.2,-1.2,Matches
237,Owen Géne,fr FRA,MFFW,Minnesota Utd,22-045,2003,1.1,0,0,0,,0.00,0.00,,,,0,0,0,0.0,0.0,,0.0,0.0,Matches
238,Joran Gerbet,fr FRA,MF,Orlando City,23-307,2001,4.3,0,1,0,0.0,0.23,0.00,0.00,,29.2,0,0,0,0.0,0.0,0.01,0.0,0.0,Matches
239,Carles Gil,es ESP,MFFW,NE Revolution,32-162,1992,9.0,4,20,6,30.0,2.22,0.67,0.10,0.33,27.0,4,2,2,2.4,0.8,0.04,+1.6,+1.2,Matches
240,Blake Gillingham,us USA,GK,Houston Dynamo,22-204,2002,3.3,0,0,0,,0.00,0.00,,,,0,0,0,0.0,0.0,,0.0,0.0,Matches
241,Olivier Giroud,fr FRA,FW,LAFC,38-215,1986,4.6,1,9,4,44.4,1.95,0.87,0.11,0.25,13.4,1,0,0,1.3,1.3,0.14,-0.3,-0.3,Matches
242,Dennis Gjengaar,no NOR,MFDF,NY Red Bulls,21-068,2004,3.0,1,7,3,42.9,2.37,1.02,0.14,0.33,14.4,0,0,0,1.9,1.9,0.27,-0.9,-0.9,Matches
243,Justen Glad,us USA,DF,Real Salt Lake,28-064,1997,9.0,0,3,0,0.0,0.33,0.00,0.00,,13.2,0,0,0,0.3,0.3,0.09,-0.3,-0.3,Matches
244,Omari Glasgow,gy GUY,DFFW,Chicago Fire,21-162,2003,5.0,0,6,1,16.7,1.21,0.20,0.00,0.00,20.8,0,0,0,0.3,0.3,0.05,-0.3,-0.3,Matches
245,Ian Glavinovich,ar ARG,DF,Philadelphia Union,23-188,2001,2.9,1,5,1,20.0,1.75,0.35,0.20,1.00,14.6,0,0,0,0.2,0.2,0.05,+0.8,+0.8,Matches
246,Jakob Glesnes,no NOR,DF,Philadelphia Union,31-039,1994,10.0,1,5,3,60.0,0.50,0.30,0.20,0.33,25.4,1,0,0,0.2,0.2,0.04,+0.8,+0.8,Matches
247,Aníbal Godoy,pa PAN,MF,San Diego FC,35-082,1990,7.0,1,5,3,60.0,0.72,0.43,0.20,0.33,21.4,0,0,0,0.3,0.3,0.06,+0.7,+0.7,Matches
248,Yeimar Gómez Andrade,co COL,DF,Seattle Sounders,32-307,1992,9.0,0,8,2,25.0,0.89,0.22,0.00,0.00,14.2,0,0,0,0.5,0.5,0.07,-0.5,-0.5,Matches
249,Nicksoen Gomis,fr FRA,DF,Toronto FC,23-049,2002,4.6,0,1,0,0.0,0.22,0.00,0.00,,5.6,0,0,0,0.2,0.2,0.22,-0.2,-0.2,Matches
250,Diogo Gonçalves,pt POR,FWMF,Real Salt Lake,28-086,1997,8.3,1,25,7,28.0,3.00,0.84,0.04,0.14,22.2,3,0,0,2.6,2.6,0.10,-1.6,-1.6,Matches
Rk
251,Omar Gonzalez,us USA,DFMF,Chicago Fire,36-204,1988,0.7,0,0,0,,0.00,0.00,,,,0,0,0,0.0,0.0,,0.0,0.0,Matches
252,Zavier Gozo,us USA,FWDF,Real Salt Lake,18-042,2007,1.9,0,1,1,100.0,0.53,0.53,0.00,0.00,13.0,0,0,0,0.1,0.1,0.10,-0.1,-0.1,Matches
253,Owen Graham Roache,ca CAN,FW,CF Montréal,17-081,2008,0.5,0,1,1,100.0,2.00,2.00,0.00,0.00,16.3,0,0,0,0.1,0.1,0.13,-0.1,-0.1,Matches
254,Tayvon Gray,jm JAM,DF,NYCFC,22-257,2002,1.4,0,1,1,100.0,0.71,0.71,0.00,0.00,14.9,0,0,0,0.1,0.1,0.05,-0.1,-0.1,Matches
255,Yuri Guboglo,ht HAI,DFMF,CF Montréal,18-044,2007,5.1,0,3,2,66.7,0.59,0.39,0.00,0.00,11.4,0,0,0,0.1,0.1,0.03,-0.1,-0.1,Matches
256,Colin Guske,us USA,FWMF,Orlando City,18-094,2007,0.1,0,0,0,,0.00,0.00,,,,0,0,0,0.0,0.0,,0.0,0.0,Matches
257,Brian Gutiérrez,us USA,MF,Chicago Fire,21-320,2003,5.2,3,14,9,64.3,2.68,1.72,0.14,0.22,22.5,1,1,1,2.1,1.3,0.09,+0.9,+0.7,Matches
258,Andrew Gutman,us USA,DF,Chicago Fire,28-213,1996,8.8,2,8,2,25.0,0.91,0.23,0.25,1.00,18.7,0,0,0,0.7,0.7,0.09,+1.3,+1.3,Matches
259,Brad Guzan,us USA,GK,Atlanta Utd,40-236,1984,10.0,0,0,0,,0.00,0.00,,,,0,0,0,0.0,0.0,,0.0,0.0,Matches
260,Justin Haak,us USA,DFMF,NYCFC,23-233,2001,9.7,0,7,1,14.3,0.72,0.10,0.00,0.00,18.4,0,0,0,0.4,0.4,0.06,-0.4,-0.4,Matches
261,Taha Habroune,us USA,MF,Columbus Crew,19-087,2006,0.4,0,0,0,,0.00,0.00,,,,0,0,0,0.0,0.0,,0.0,0.0,Matches
262,Alexander Hack,de GER,DF,NY Red Bulls,31-237,1993,5.4,0,4,3,75.0,0.75,0.56,0.00,0.00,16.5,0,0,0,0.1,0.1,0.03,-0.1,-0.1,Matches
263,Teenage Hadebe,zw ZIM,DF,FC Cincinnati,29-228,1995,3.3,0,0,0,,0.00,0.00,,,,0,0,0,0.0,0.0,,0.0,0.0,Matches
264,Nick Hagglund,us USA,DF,FC Cincinnati,32-231,1992,5.0,0,1,1,100.0,0.20,0.20,0.00,0.00,7.7,0,0,0,0.4,0.4,0.37,-0.4,-0.4,Matches
265,Maren Haile-Selassie,ch SUI,FWMF,Chicago Fire,26-051,1999,1.8,0,3,1,33.3,1.69,0.56,0.00,0.00,21.5,0,0,0,0.3,0.3,0.09,-0.3,-0.3,Matches
266,Belal Halbouni,sy SYR,DF,Vancouver W'caps,25-125,1999,0.1,0,0,0,,0.00,0.00,,,,0,0,0,0.0,0.0,,0.0,0.0,Matches
267,Julian Hall,us USA,FWMF,NY Red Bulls,17-040,2008,1.6,0,2,1,50.0,1.23,0.62,0.00,0.00,10.9,0,0,0,0.3,0.3,0.13,-0.3,-0.3,Matches
268,Bret Halsey,us USA,DF,FC Cincinnati,24-336,2000,0.4,0,0,0,,0.00,0.00,,,,0,0,0,0.0,0.0,,0.0,0.0,Matches
269,Nicholas Hansen,dk DEN,GK,Colorado Rapids,23-297,2001,1.0,0,0,0,,0.00,0.00,,,,0,0,0,0.0,0.0,,0.0,0.0,Matches
270,Ian Harkes,us USA,MF,SJ Earthquakes,30-034,1995,8.4,0,8,5,62.5,0.95,0.60,0.00,0.00,26.6,0,0,0,0.3,0.3,0.04,-0.3,-0.3,Matches
271,Cameron Harper,us USA,DFFW,NY Red Bulls,23-165,2001,3.5,0,7,0,0.0,2.00,0.00,0.00,,17.1,0,0,0,0.5,0.5,0.07,-0.5,-0.5,Matches
272,Nathan Harriel,us USA,DFMF,Philadelphia Union,24-010,2001,6.3,0,4,1,25.0,0.64,0.16,0.00,0.00,10.7,0,0,0,0.7,0.7,0.18,-0.7,-0.7,Matches
273,Alex Harris,us USA,MF,Colorado Rapids,20-076,2005,0.0,0,0,0,,0.00,0.00,,,,0,0,0,0.0,0.0,,0.0,0.0,Matches
274,Calvin Harris,eng ENG,FWMF,Colorado Rapids,25-044,2000,1.6,1,5,1,20.0,3.12,0.62,0.20,1.00,12.9,0,0,0,1.5,1.5,0.29,-0.5,-0.5,Matches
275,Marcel Hartel,de GER,MFFW,St. Louis,29-104,1996,9.9,1,19,7,36.8,1.92,0.71,0.05,0.14,15.9,0,0,0,1.5,1.5,0.08,-0.5,-0.5,Matches
Rk
276,Carlos Harvey,pa PAN,DF,Minnesota Utd,25-089,2000,4.5,0,5,1,20.0,1.11,0.22,0.00,0.00,10.3,0,0,0,0.4,0.4,0.08,-0.4,-0.4,Matches
277,Thomas Hasal,ca CAN,GK,LAFC,25-298,1999,1.0,0,0,0,,0.00,0.00,,,,0,0,0,0.0,0.0,,0.0,0.0,Matches
278,Kobi Henry,us USA,DFFW,Real Salt Lake,21-007,2004,0.5,0,1,0,0.0,2.20,0.00,0.00,,27.1,0,0,0,0.0,0.0,0.02,0.0,0.0,Matches
279,Fabian Herbers,de GER,MFFW,CF Montréal,31-259,1993,2.2,0,3,0,0.0,1.34,0.00,0.00,,21.7,0,0,0,0.1,0.1,0.04,-0.1,-0.1,Matches
280,Ronald Hernández,ve VEN,DFFW,Atlanta Utd,27-224,1997,1.5,0,0,0,,0.00,0.00,,,,0,0,0,0.0,0.0,,0.0,0.0,Matches
281,Aaron Herrera,gt GUA,DFMF,D.C. United,27-331,1997,8.7,0,8,3,37.5,0.92,0.34,0.00,0.00,21.4,2,0,0,0.5,0.5,0.06,-0.5,-0.5,Matches
282,Marcelo Herrera,ar ARG,DF,Columbus Crew,26-181,1998,3.4,0,7,0,0.0,2.07,0.00,0.00,,20.7,0,0,0,0.3,0.3,0.04,-0.3,-0.3,Matches
283,Kyle Hiebert,ca CAN,DF,St. Louis,27-277,1997,9.7,0,2,0,0.0,0.21,0.00,0.00,,7.7,0,0,0,0.5,0.5,0.23,-0.5,-0.5,Matches
284,Brendan Hines-Ike,us USA,DF,Austin,30-154,1994,9.0,0,0,0,,0.00,0.00,,,,0,0,0,0.0,0.0,,0.0,0.0,Matches
285,Bongokuhle Hlongwane,za RSA,DF,Minnesota Utd,24-317,2000,9.5,0,10,3,30.0,1.06,0.32,0.00,0.00,14.5,0,0,0,1.8,1.8,0.19,-1.8,-1.8,Matches
286,Ryan Hollingshead,us USA,DFMF,LAFC,34-017,1991,7.0,1,9,5,55.6,1.29,0.71,0.11,0.20,10.9,0,0,0,1.7,1.7,0.19,-0.7,-0.7,Matches
287,Jannes Horn,de GER,DF,St. Louis,28-086,1997,6.2,0,2,0,0.0,0.32,0.00,0.00,,25.5,0,0,0,0.0,0.0,0.02,0.0,0.0,Matches
288,Jung Hoyeon,kr KOR,MF,Minnesota Utd,24-217,2000,0.2,0,0,0,,0.00,0.00,,,,0,0,0,0.0,0.0,,0.0,0.0,Matches
289,Keegan Hughes,us USA,FW,NE Revolution,24-285,2000,0.0,0,0,0,,0.00,0.00,,,,0,0,0,0.0,0.0,,0.0,0.0,Matches
290,Sebastien Ibeagha,us USA,DF,FC Dallas,33-102,1992,9.5,0,1,0,0.0,0.11,0.00,0.00,,6.6,0,0,0,0.0,0.0,0.04,0.0,0.0,Matches
291,Aliyu Ibrahim,ng NGA,MFFW,Houston Dynamo,23-107,2002,2.0,0,2,1,50.0,1.02,0.51,0.00,0.00,10.4,0,0,0,0.3,0.3,0.13,-0.3,-0.3,Matches
292,Sunusi Ibrahim,ng NGA,FWDF,CF Montréal,22-214,2002,0.6,0,6,0,0.0,10.19,0.00,0.00,,16.2,0,0,0,0.9,0.9,0.15,-0.9,-0.9,Matches
293,Igor,br BRA,MF,LAFC,22-057,2003,7.7,0,6,1,16.7,0.78,0.13,0.00,0.00,21.6,0,0,0,0.9,0.9,0.15,-0.9,-0.9,Matches
294,Mitja Ilenič,si SVN,DF,NYCFC,20-128,2004,8.2,1,9,2,22.2,1.09,0.24,0.11,0.50,19.8,0,0,0,0.4,0.4,0.04,+0.6,+0.6,Matches
295,Milan Iloski,us USA,MFFW,San Diego FC,25-278,1999,0.7,0,3,2,66.7,4.58,3.05,0.00,0.00,20.0,0,0,0,0.2,0.2,0.06,-0.2,-0.2,Matches
296,Bjørn Inge Utvik,no NOR,DF,Vancouver W'caps,29-064,1996,1.9,0,0,0,,0.00,0.00,,,,0,0,0,0.0,0.0,,0.0,0.0,Matches
297,Marcus Ingvartsen,dk DEN,FW,San Diego FC,29-119,1996,3.5,1,10,4,40.0,2.86,1.14,0.10,0.25,13.2,0,0,0,1.8,1.8,0.18,-0.8,-0.8,Matches
298,Lorenzo Insigne,it ITA,MFFW,Toronto FC,33-333,1991,4.8,0,6,1,16.7,1.26,0.21,0.00,0.00,18.7,0,0,0,0.3,0.3,0.05,-0.3,-0.3,Matches
299,Aljaž Ivačič,si SVN,GK,NE Revolution,31-125,1993,9.0,0,0,0,,0.00,0.00,,,,0,0,0,0.0,0.0,,0.0,0.0,Matches
300,Ousman jabang,us USA,DF,CF Montréal,24-035,2001,1.0,0,0,0,,0.00,0.00,,,,0,0,0,0.0,0.0,,0.0,0.0,Matches
Rk
301,Aziel Jackson,us USA,MFFW,Columbus Crew,23-191,2001,3.8,1,14,4,28.6,3.72,1.06,0.07,0.25,17.4,0,0,0,1.4,1.4,0.10,-0.4,-0.4,Matches
302,Robin Jansson,se SWE,DF,Orlando City,33-169,1991,8.0,0,1,1,100.0,0.12,0.12,0.00,0.00,9.5,0,0,0,0.2,0.2,0.20,-0.2,-0.2,Matches
303,Danley Jean-Jacques,ht HAI,MF,Philadelphia Union,24-348,2000,8.4,2,10,4,40.0,1.20,0.48,0.20,0.50,24.1,0,0,0,0.6,0.6,0.06,+1.4,+1.4,Matches
304,Julio Joao Ortíz,ec ECU,MF,Portland Timbers,29-002,1996,3.8,0,1,0,0.0,0.26,0.00,0.00,,36.8,0,0,0,0.0,0.0,0.01,0.0,0.0,Matches
305,Sean Johnson,us USA,GK,Toronto FC,35-337,1989,10.0,0,0,0,,0.00,0.00,,,,0,0,0,0.0,0.0,,0.0,0.0,Matches
306,Tate Johnson,us USA,DF,Vancouver W'caps,19-297,2005,5.6,1,1,1,100.0,0.18,0.18,1.00,1.00,10.3,0,0,0,0.2,0.2,0.25,+0.8,+0.8,Matches
307,DeJuan Jones,us USA,DF,Columbus Crew,27-313,1997,2.7,0,1,1,100.0,0.37,0.37,0.00,0.00,23.6,0,0,0,0.0,0.0,0.03,0.0,0.0,Matches
308,DeJuan Jones,us USA,DF,SJ Earthquakes,27-313,1997,0.3,0,0,0,,0.00,0.00,,,,0,0,0,0.0,0.0,,0.0,0.0,Matches
309,Derrick Jones,us USA,MF,Columbus Crew,28-061,1997,0.0,0,0,0,,0.00,0.00,,,,0,0,0,0.0,0.0,,0.0,0.0,Matches
310,Kim Joonhong,kr KOR,GK,D.C. United,21-334,2003,7.0,0,0,0,,0.00,0.00,,,,0,0,0,0.0,0.0,,0.0,0.0,Matches
311,Dejan Joveljić,rs SRB,FW,Sporting KC,25-269,1999,9.1,5,12,7,58.3,1.32,0.77,0.25,0.43,16.3,0,2,3,3.8,1.4,0.12,+1.2,+1.6,Matches
312,Mykhi Joyner,us USA,FWDF,St. Louis,18-246,2006,0.5,0,1,0,0.0,2.14,0.00,0.00,,31.8,0,0,0,0.0,0.0,0.02,0.0,0.0,Matches
313,Preston Judd,us USA,FWMF,SJ Earthquakes,25-340,1999,2.5,0,7,3,42.9,2.76,1.18,0.00,0.00,15.5,0,0,0,0.9,0.9,0.13,-0.9,-0.9,Matches
314,Anderson Julio,ec ECU,FWMF,FC Dallas,28-337,1996,6.0,2,11,5,45.5,1.83,0.83,0.18,0.40,20.4,0,0,0,2.2,2.2,0.20,-0.2,-0.2,Matches
315,Sam Junqua,us USA,DF,Real Salt Lake,28-175,1996,4.8,1,3,1,33.3,0.62,0.21,0.33,1.00,16.6,0,0,0,0.4,0.4,0.12,+0.6,+0.6,Matches
316,Mathias Jørgensen,dk DEN,DF,LA Galaxy,35-010,1990,6.3,0,2,0,0.0,0.32,0.00,0.00,,20.8,0,0,0,0.0,0.0,0.02,0.0,0.0,Matches
317,Kristijan Kahlina,hr CRO,GK,Charlotte,32-283,1992,10.0,0,0,0,,0.00,0.00,,,,0,0,0,0.0,0.0,,0.0,0.0,Matches
318,Kaick,br BRA,MF,FC Dallas,19-155,2005,3.2,0,1,0,0.0,0.31,0.00,0.00,,14.9,0,0,0,0.0,0.0,0.03,0.0,0.0,Matches
319,Bernard Kamungo,us USA,FW,FC Dallas,23-122,2002,1.8,0,2,1,50.0,1.09,0.55,0.00,0.00,17.2,0,0,0,0.1,0.1,0.04,-0.1,-0.1,Matches
320,Bibi Karamoko,us USA,FW,D.C. United,19-183,2005,0.2,0,0,0,,0.00,0.00,,,,0,0,0,0.0,0.0,,0.0,0.0,Matches
321,Alexandros Katranis,gr GRE,DF,Real Salt Lake,26-364,1998,6.2,0,6,2,33.3,0.97,0.32,0.00,0.00,25.9,0,0,0,0.1,0.1,0.02,-0.1,-0.1,Matches
322,Mark-Anthony Kaye,ca CAN,MF,SJ Earthquakes,30-152,1994,3.2,0,6,0,0.0,1.89,0.00,0.00,,21.0,0,0,0,0.4,0.4,0.06,-0.4,-0.4,Matches
323,Kim Kee-hee,kr KOR,DF,Seattle Sounders,35-294,1989,2.5,0,2,0,0.0,0.80,0.00,0.00,,16.2,0,0,0,0.1,0.1,0.03,-0.1,-0.1,Matches
324,Kevin Kelsy,ve VEN,FW,Portland Timbers,20-280,2004,4.7,4,9,5,55.6,1.92,1.07,0.44,0.80,14.6,0,0,0,1.1,1.1,0.13,+2.9,+2.9,Matches
325,Ryan Kent,eng ENG,FWDF,Seattle Sounders,28-173,1996,0.3,0,0,0,,0.00,0.00,,,,0,0,0,0.0,0.0,,0.0,0.0,Matches
Rk
326,Deandre Kerr,ca CAN,FW,Toronto FC,22-165,2002,2.5,2,3,3,100.0,1.21,1.21,0.67,0.67,12.4,0,0,0,0.5,0.5,0.18,+1.5,+1.5,Matches
327,Henry Kessler,us USA,DF,St. Louis,26-312,1998,8.0,0,2,0,0.0,0.25,0.00,0.00,,9.9,0,0,0,0.1,0.1,0.06,-0.1,-0.1,Matches
328,Hosei Kijima,jp JPN,MFFW,D.C. United,22-306,2002,8.1,1,4,1,25.0,0.50,0.12,0.25,1.00,19.3,0,0,0,0.3,0.3,0.07,+0.7,+0.7,Matches
329,Klauss,br BRA,FW,St. Louis,28-063,1997,6.3,1,18,8,44.4,2.87,1.28,0.06,0.13,12.9,0,0,0,1.6,1.6,0.09,-0.6,-0.6,Matches
330,Mateusz Klich,pl POL,MF,Atlanta Utd,34-324,1990,3.5,0,1,0,0.0,0.29,0.00,0.00,,27.4,0,0,0,0.0,0.0,0.04,0.0,0.0,Matches
331,Žan Kolmanič,si SVN,DFMF,Austin,25-061,2000,1.8,0,0,0,,0.00,0.00,,,,0,0,0,0.0,0.0,,0.0,0.0,Matches
332,Rominigue Kouamé,ml MLI,MFFW,Chicago Fire,28-137,1996,1.2,1,2,2,100.0,1.64,1.64,0.50,0.50,20.0,0,0,0,0.6,0.6,0.29,+0.4,+0.4,Matches
333,Sebastian Kowalczyk,pl POL,FWMF,Houston Dynamo,26-254,1998,8.6,0,5,1,20.0,0.58,0.12,0.00,0.00,21.1,0,0,0,0.3,0.3,0.05,-0.3,-0.3,Matches
334,Damir Kreilach,hr CRO,FW,Vancouver W'caps,36-017,1989,0.0,0,0,0,,0.00,0.00,,,,0,0,0,0.0,0.0,,0.0,0.0,Matches
335,Theodore Ku-Dipietro,us USA,FW,Colorado Rapids,23-095,2002,0.1,0,1,1,100.0,12.86,12.86,0.00,0.00,9.3,0,0,0,0.2,0.2,0.25,-0.2,-0.2,Matches
336,Yuya Kubo,jp JPN,MFFW,FC Cincinnati,31-130,1993,4.1,1,10,4,40.0,2.43,0.97,0.10,0.25,17.8,0,0,0,0.9,0.9,0.09,+0.1,+0.1,Matches
337,Willy Kumado,gh GHA,DF,San Diego FC,22-199,2002,4.0,0,1,0,0.0,0.25,0.00,0.00,,17.0,0,0,0,0.0,0.0,0.02,0.0,0.0,Matches
338,Luca de la Torre,us USA,MF,San Diego FC,26-345,1998,8.2,2,9,4,44.4,1.10,0.49,0.22,0.50,20.9,0,0,0,0.5,0.5,0.06,+1.5,+1.5,Matches
339,Mathías Laborda,uy URU,DF,Vancouver W'caps,25-230,1999,5.9,1,9,2,22.2,1.53,0.34,0.11,0.50,8.4,0,0,0,1.9,1.9,0.21,-0.9,-0.9,Matches
340,Luca Langoni,ar ARG,FWMF,NE Revolution,23-083,2002,4.7,0,3,0,0.0,0.64,0.00,0.00,,22.5,0,0,0,0.1,0.1,0.03,-0.1,-0.1,Matches
341,Oliver Larraz,us USA,MFFW,Colorado Rapids,23-229,2001,8.7,0,8,0,0.0,0.92,0.00,0.00,,21.7,0,0,0,0.5,0.5,0.06,-0.5,-0.5,Matches
342,Richie Laryea,ca CAN,DF,Toronto FC,30-116,1995,1.2,0,0,0,,0.00,0.00,,,,0,0,0,0.0,0.0,,0.0,0.0,Matches
343,Ariel Lassiter,cr CRC,FWMF,Portland Timbers,30-218,1994,2.0,0,3,1,33.3,1.53,0.51,0.00,0.00,19.9,0,0,0,0.2,0.2,0.06,-0.2,-0.2,Matches
344,Emmanuel Latte Lath,ci CIV,FW,Atlanta Utd,26-122,1999,8.5,5,24,12,50.0,2.82,1.41,0.21,0.42,10.8,0,0,0,4.6,4.6,0.19,+0.4,+0.4,Matches
345,Randall Leal,cr CRC,MF,D.C. United,28-109,1997,0.5,0,3,2,66.7,6.14,4.09,0.00,0.00,27.4,0,0,0,0.1,0.1,0.02,-0.1,-0.1,Matches
346,Tim Leibold,de GER,DF,Sporting KC,31-154,1993,1.3,0,2,1,50.0,1.59,0.80,0.00,0.00,15.1,0,0,0,0.2,0.2,0.11,-0.2,-0.2,Matches
347,Brooks Lennon,us USA,DF,Atlanta Utd,27-223,1997,6.7,0,1,0,0.0,0.15,0.00,0.00,,26.7,0,0,0,0.0,0.0,0.01,0.0,0.0,Matches
348,Tucker Lepley,us USA,MF,LA Galaxy,23-106,2002,3.8,0,7,3,42.9,1.86,0.80,0.00,0.00,20.7,0,0,0,0.4,0.4,0.05,-0.4,-0.4,Matches
349,Beau Leroux,us USA,MF,SJ Earthquakes,21-245,2003,7.7,1,11,5,45.5,1.42,0.65,0.09,0.20,18.0,0,0,0,1.9,1.9,0.17,-0.9,-0.9,Matches
350,Danny Leyva,us USA,MFFW,Seattle Sounders,21-363,2003,2.9,0,6,1,16.7,2.09,0.35,0.00,0.00,26.8,0,0,0,0.1,0.1,0.02,-0.1,-0.1,Matches
Rk
351,Nick Lima,us USA,DF,SJ Earthquakes,30-167,1994,1.9,0,3,0,0.0,1.54,0.00,0.00,,18.8,0,0,0,0.2,0.2,0.06,-0.2,-0.2,Matches
352,Ondřej Lingr,cz CZE,MFFW,Houston Dynamo,26-208,1998,0.9,2,3,3,100.0,3.25,3.25,0.67,0.67,14.4,0,0,0,0.3,0.3,0.09,+1.7,+1.7,Matches
353,Sebastian Lletget,us USA,MF,FC Dallas,32-242,1992,6.2,0,5,2,40.0,0.81,0.32,0.00,0.00,9.5,0,0,0,0.5,0.5,0.11,-0.5,-0.5,Matches
354,Hugo Lloris,fr FRA,GK,LAFC,38-128,1986,9.0,0,0,0,,0.00,0.00,,,,0,0,0,0.0,0.0,,0.0,0.0,Matches
355,Saba Lobzhanidze,ge GEO,FW,Atlanta Utd,30-136,1994,7.8,0,15,4,26.7,1.93,0.51,0.00,0.00,14.7,0,0,0,1.8,1.8,0.12,-1.8,-1.8,Matches
356,Robin Lod,fi FIN,MF,Minnesota Utd,32-016,1993,7.5,0,7,2,28.6,0.93,0.27,0.00,0.00,19.4,0,0,0,0.3,0.3,0.04,-0.3,-0.3,Matches
357,Nicolás Lodeiro,uy URU,FWMF,Houston Dynamo,36-043,1989,4.1,1,4,2,50.0,0.98,0.49,0.25,0.50,22.3,0,0,0,0.2,0.2,0.04,+0.8,+0.8,Matches
358,Jasper Löffelsend,de GER,DF,San Diego FC,27-235,1997,6.3,0,3,0,0.0,0.47,0.00,0.00,,16.4,0,0,0,0.2,0.2,0.07,-0.2,-0.2,Matches
359,Aaron Long,us USA,DF,LAFC,32-203,1992,7.5,1,3,1,33.3,0.40,0.13,0.33,1.00,15.8,0,0,0,0.8,0.8,0.27,+0.2,+0.2,Matches
360,Kevin Long,ie IRL,DF,Toronto FC,34-258,1990,7.5,0,1,0,0.0,0.13,0.00,0.00,,6.6,0,0,0,0.2,0.2,0.16,-0.2,-0.2,Matches
361,Matthew Longstaff,eng ENG,MFDF,Toronto FC,25-043,2000,3.3,0,3,0,0.0,0.92,0.00,0.00,,26.2,0,0,0,0.1,0.1,0.04,-0.1,-0.1,Matches
362,Hernán López Muñoz,ar ARG,MF,SJ Earthquakes,24-238,2000,1.3,0,4,1,25.0,3.05,0.76,0.00,0.00,21.6,0,0,0,0.2,0.2,0.05,-0.2,-0.2,Matches
363,Victor Loturi,ca CAN,MF,CF Montréal,23-347,2001,6.5,0,3,1,33.3,0.46,0.15,0.00,0.00,23.0,0,0,0,0.2,0.2,0.06,-0.2,-0.2,Matches
364,Daniel Lovitz,us USA,DF,Nashville SC,33-249,1991,10.0,1,7,2,28.6,0.70,0.20,0.14,0.50,21.8,0,0,0,0.3,0.3,0.04,+0.7,+0.7,Matches
365,Eduard Löwen,de GER,MF,St. Louis,28-095,1997,3.8,1,3,1,33.3,0.78,0.26,0.33,1.00,24.4,2,0,0,0.2,0.2,0.08,+0.8,+0.8,Matches
366,Hirving Lozano,mx MEX,FW,San Diego FC,29-277,1995,5.2,2,22,5,22.7,4.26,0.97,0.05,0.20,21.3,1,1,1,3.5,2.7,0.12,-1.5,-1.7,Matches
367,Gonzalo Luján,ar ARG,DF,Inter Miami,24-006,2001,7.4,0,2,1,50.0,0.27,0.14,0.00,0.00,16.3,0,0,0,0.1,0.1,0.04,-0.1,-0.1,Matches
368,Jovan Lukić,rs SRB,MF,Philadelphia Union,23-103,2002,8.1,2,20,5,25.0,2.47,0.62,0.10,0.40,24.6,0,0,0,0.6,0.6,0.03,+1.4,+1.4,Matches
369,Diego Luna,us USA,MFFW,Real Salt Lake,21-238,2003,8.3,5,17,8,47.1,2.05,0.97,0.24,0.50,18.9,1,1,1,2.8,2.2,0.13,+2.2,+1.8,Matches
370,Benjamin Lundt,de GER,GK,St. Louis,29-221,1995,7.0,0,0,0,,0.00,0.00,,,,0,0,0,0.0,0.0,,0.0,0.0,Matches
371,Liam MacKenzie,ca CAN,FW,Vancouver W'caps,18-049,2007,0.7,0,0,0,,0.00,0.00,,,,0,0,0,0.0,0.0,,0.0,0.0,Matches
372,Lukas MacNaughton,ca CAN,DF,D.C. United,30-056,1995,4.0,1,5,3,60.0,1.24,0.74,0.20,0.33,11.0,0,0,0,0.8,0.8,0.15,+0.2,+0.2,Matches
373,Jack Maher,us USA,DF,Nashville SC,25-187,1999,10.0,0,3,0,0.0,0.30,0.00,0.00,,7.8,0,0,0,0.3,0.3,0.10,-0.3,-0.3,Matches
374,Olwethu Makhanya,za RSA,DF,Philadelphia Union,21-003,2004,5.4,0,3,0,0.0,0.56,0.00,0.00,,8.1,0,0,0,0.2,0.2,0.06,-0.2,-0.2,Matches
375,Adilson Malanda,fr FRA,DF,Charlotte,23-186,2001,10.0,1,3,1,33.3,0.30,0.10,0.33,1.00,8.4,0,0,0,0.4,0.4,0.13,+0.6,+0.6,Matches
Rk
376,AJ Marcucci,us USA,GK,NY Red Bulls,25-276,1999,1.0,0,0,0,,0.00,0.00,,,,0,0,0,0.0,0.0,,0.0,0.0,Matches
377,Dominik Marczuk,pl POL,FW,Real Salt Lake,21-183,2003,5.3,1,10,3,30.0,1.88,0.56,0.10,0.33,18.8,0,0,0,1.2,1.2,0.12,-0.2,-0.2,Matches
378,Anthony Markanich,ph PHI,DF,Minnesota Utd,25-128,1999,4.4,0,4,0,0.0,0.91,0.00,0.00,,18.8,0,0,0,0.1,0.1,0.04,-0.1,-0.1,Matches
379,Idan Markovich,il ISR,FW,Charlotte,20-267,2004,2.4,1,13,4,30.8,5.32,1.64,0.08,0.25,9.2,0,0,0,2.7,2.7,0.20,-1.7,-1.7,Matches
380,Marlon,br BRA,DF,LAFC,29-238,1995,4.7,0,0,0,,0.00,0.00,,,,0,0,0,0.0,0.0,,0.0,0.0,Matches
381,Jahkeele Marshall-Rutty,ca CAN,MFDF,CF Montréal,20-321,2004,2.6,0,4,1,25.0,1.57,0.39,0.00,0.00,20.2,0,0,0,0.2,0.2,0.06,-0.2,-0.2,Matches
382,Alonso Martínez,cr CRC,FW,NYCFC,26-200,1998,8.8,6,22,14,63.6,2.51,1.60,0.18,0.29,18.3,0,2,3,5.8,3.4,0.15,+0.2,+0.6,Matches
383,David Martínez,ve VEN,FW,LAFC,19-085,2006,5.1,3,18,10,55.6,3.50,1.94,0.17,0.30,18.9,0,0,0,2.0,2.0,0.11,+1.0,+1.0,Matches
384,Josef Martínez,ve VEN,FW,SJ Earthquakes,31-349,1993,7.1,6,25,15,60.0,3.52,2.11,0.24,0.40,12.7,0,0,0,5.2,5.2,0.21,+0.8,+0.8,Matches
385,Thiago Martins,br BRA,DF,NYCFC,30-047,1995,8.2,0,2,0,0.0,0.24,0.00,0.00,,22.2,0,0,0,0.1,0.1,0.03,-0.1,-0.1,Matches
386,Jimmy Maurer,us USA,GK,Houston Dynamo,36-201,1988,1.3,0,0,0,,0.00,0.00,,,,0,0,0,0.0,0.0,,0.0,0.0,Matches
387,Eric Maxim Choupo-Moting,cm CMR,FW,NY Red Bulls,36-041,1989,9.9,4,12,7,58.3,1.21,0.71,0.17,0.29,16.6,0,2,2,3.7,2.2,0.18,+0.3,-0.2,Matches
388,Andreas Maxsø,dk DEN,DF,Colorado Rapids,31-046,1994,8.0,0,2,0,0.0,0.25,0.00,0.00,,9.3,0,0,0,0.1,0.1,0.05,-0.1,-0.1,Matches
389,Olivier Mbaizo,cm CMR,DF,Philadelphia Union,27-261,1997,1.0,0,0,0,,0.00,0.00,,,,0,0,0,0.0,0.0,,0.0,0.0,Matches
390,Kenji Mboma Dem,fr FRA,DF,FC Cincinnati,23-101,2002,0.1,0,0,0,,0.00,0.00,,,,0,0,0,0.0,0.0,,0.0,0.0,Matches
391,John McCarthy,us USA,GK,LA Galaxy,32-303,1992,7.0,0,0,0,,0.00,0.00,,,,0,0,0,0.0,0.0,,0.0,0.0,Matches
392,Jack McGlynn,us USA,MFFW,Houston Dynamo,21-300,2003,8.8,1,17,5,29.4,1.93,0.57,0.06,0.20,24.8,1,0,0,0.6,0.6,0.04,+0.4,+0.4,Matches
393,Zac McGraw,ca CAN,DF,Portland Timbers,27-329,1997,2.7,0,0,0,,0.00,0.00,,,,0,0,0,0.0,0.0,,0.0,0.0,Matches
394,Duncan McGuire,us USA,FW,Orlando City,24-087,2001,2.0,0,6,0,0.0,3.05,0.00,0.00,,11.9,0,0,0,1.0,1.0,0.16,-1.0,-1.0,Matches
395,Paddy McNair,nir NIR,DF,San Diego FC,30-006,1995,8.6,0,5,2,40.0,0.58,0.23,0.00,0.00,13.1,1,0,0,0.4,0.4,0.08,-0.4,-0.4,Matches
396,Christopher McVey,se SWE,DF,San Diego FC,28-021,1997,10.0,1,6,1,16.7,0.60,0.10,0.17,1.00,16.8,0,0,0,0.4,0.4,0.07,+0.6,+0.6,Matches
397,Loïc Mesanvi,tg TOG,FWDF,Minnesota Utd,21-209,2003,0.1,0,0,0,,0.00,0.00,,,,0,0,0,0.0,0.0,,0.0,0.0,Matches
398,Lionel Messi,ar ARG,FWMF,Inter Miami,37-313,1987,5.4,3,29,15,51.7,5.37,2.78,0.10,0.20,19.2,6,0,0,3.4,3.4,0.12,-0.4,-0.4,Matches
399,Wyatt Meyer,us USA,MF,Nashville SC,24-112,2001,1.6,0,2,0,0.0,1.22,0.00,0.00,,23.4,0,0,0,0.1,0.1,0.05,-0.1,-0.1,Matches
400,Matt Miazga,us USA,DF,FC Cincinnati,29-288,1995,1.3,0,0,0,,0.00,0.00,,,,0,0,0,0.0,0.0,,0.0,0.0,Matches
Rk
401,Novak Mićović,rs SRB,GK,LA Galaxy,23-190,2001,3.0,0,0,0,,0.00,0.00,,,,0,0,0,0.0,0.0,,0.0,0.0,Matches
402,Alex Mighten,eng ENG,FWMF,San Diego FC,23-022,2002,2.5,1,5,2,40.0,1.97,0.79,0.20,0.50,14.2,0,0,0,0.9,0.9,0.18,+0.1,+0.1,Matches
403,Djordje Mihailovic,us USA,MFFW,Colorado Rapids,26-174,1998,9.8,5,16,6,37.5,1.63,0.61,0.13,0.33,23.4,6,3,3,4.1,1.8,0.11,+0.9,+0.2,Matches
404,Eric Miller,us USA,DF,Portland Timbers,32-108,1993,3.2,0,0,0,,0.00,0.00,,,,0,0,0,0.0,0.0,,0.0,0.0,Matches
405,Harbor Miller,us USA,DF,LA Galaxy,17-316,2007,2.7,0,2,0,0.0,0.74,0.00,0.00,,11.0,0,0,0,0.2,0.2,0.09,-0.2,-0.2,Matches
406,Jansen Miller,us USA,DF,Sporting KC,23-082,2002,6.5,0,2,1,50.0,0.31,0.15,0.00,0.00,8.0,0,0,0,0.1,0.1,0.07,-0.1,-0.1,Matches
407,Kamal Miller,ca CAN,DF,Portland Timbers,27-352,1997,7.1,0,3,1,33.3,0.42,0.14,0.00,0.00,9.0,0,0,0,0.2,0.2,0.06,-0.2,-0.2,Matches
408,Peyton Miller,us USA,DFFW,NE Revolution,17-353,2007,4.0,0,5,2,40.0,1.24,0.50,0.00,0.00,13.9,0,0,0,0.2,0.2,0.05,-0.2,-0.2,Matches
409,Georgi Minoungou,ci CIV,FWMF,Seattle Sounders,22-282,2002,3.7,0,9,2,22.2,2.46,0.55,0.00,0.00,19.1,0,0,0,0.4,0.4,0.05,-0.4,-0.4,Matches
410,Aleksei Miranchuk,ru RUS,MFFW,Atlanta Utd,29-198,1995,9.1,1,20,8,40.0,2.21,0.88,0.05,0.13,20.7,2,0,0,1.3,1.3,0.07,-0.3,-0.3,Matches
411,Zane Monlouis,eng ENG,DF,Toronto FC,21-199,2003,3.2,0,0,0,,0.00,0.00,,,,0,0,0,0.0,0.0,,0.0,0.0,Matches
412,Shaq Moore,us USA,DF,FC Dallas,28-182,1996,10.0,1,9,3,33.3,0.90,0.30,0.11,0.33,14.7,0,0,0,1.0,1.0,0.12,0.0,0.0,Matches
413,Felipe Mora,cl CHI,FW,Portland Timbers,31-274,1993,5.7,4,8,7,87.5,1.40,1.22,0.38,0.43,12.4,0,1,1,2.9,2.1,0.27,+1.1,+0.9,Matches
414,Alfredo Morales,us USA,MF,St. Louis,34-356,1990,5.8,0,2,0,0.0,0.34,0.00,0.00,,26.3,0,0,0,0.1,0.1,0.04,-0.1,-0.1,Matches
415,Santi Morales,us USA,MFFW,Inter Miami,18-083,2007,0.2,0,0,0,,0.00,0.00,,,,0,0,0,0.0,0.0,,0.0,0.0,Matches
416,Maximiliano Moralez,ar ARG,MF,NYCFC,38-065,1987,9.2,0,11,1,9.1,1.20,0.11,0.00,0.00,23.7,0,0,0,0.7,0.7,0.06,-0.7,-0.7,Matches
417,Steven Moreira,cv CPV,DF,Columbus Crew,30-263,1994,6.2,1,4,2,50.0,0.64,0.32,0.25,0.50,14.5,0,0,0,0.4,0.4,0.11,+0.6,+0.6,Matches
418,Santiago Moreno,co COL,FW,Portland Timbers,25-012,2000,7.0,2,13,6,46.2,1.85,0.85,0.15,0.33,20.9,1,0,0,1.7,1.7,0.13,+0.3,+0.3,Matches
419,Lewis Morgan,sct SCO,MFFW,NY Red Bulls,28-215,1996,1.0,0,3,0,0.0,3.00,0.00,0.00,,16.6,0,0,0,0.2,0.2,0.06,-0.2,-0.2,Matches
420,Jordan Morris,us USA,FW,Seattle Sounders,30-189,1994,3.2,3,9,5,55.6,2.82,1.57,0.33,0.60,11.1,0,0,0,2.5,2.5,0.28,+0.5,+0.5,Matches
421,Edwin Mosquera,co COL,FW,Atlanta Utd,23-310,2001,0.8,1,5,1,20.0,5.92,1.18,0.20,1.00,16.1,0,0,0,0.3,0.3,0.07,+0.7,+0.7,Matches
422,Cole Mrowka,us USA,MF,Columbus Crew,19-027,2006,0.3,0,1,1,100.0,3.60,3.60,0.00,0.00,21.8,0,0,0,0.0,0.0,0.04,0.0,0.0,Matches
423,Hany Mukhtar,de GER,MFFW,Nashville SC,30-043,1995,9.8,4,30,16,53.3,3.07,1.64,0.10,0.19,20.2,2,1,3,5.8,3.5,0.12,-1.8,-0.5,Matches
424,Daniel Munie,us USA,DF,SJ Earthquakes,25-082,2000,2.4,0,3,2,66.7,1.26,0.84,0.00,0.00,8.5,0,0,0,0.5,0.5,0.17,-0.5,-0.5,Matches
425,Luis Muriel,co COL,FWMF,Orlando City,34-017,1991,8.0,4,29,11,37.9,3.62,1.37,0.10,0.27,16.8,1,1,1,5.2,4.4,0.15,-1.2,-1.4,Matches
Rk
426,Ian Murphy,us USA,DF,Colorado Rapids,25-107,2000,5.1,0,0,0,,0.00,0.00,,,,0,0,0,0.0,0.0,,0.0,0.0,Matches
427,Jacob Murrell,us USA,FWMF,D.C. United,21-035,2004,3.5,1,5,2,40.0,1.42,0.57,0.20,0.50,14.5,0,0,0,0.5,0.5,0.10,+0.5,+0.5,Matches
428,Petar Musa,hr CRO,FW,FC Dallas,27-060,1998,7.5,3,19,5,26.3,2.54,0.67,0.16,0.60,17.3,0,0,1,3.3,2.6,0.14,-0.3,+0.4,Matches
429,Daniel Musovski,us USA,FW,Seattle Sounders,29-154,1995,3.8,3,15,8,53.3,3.97,2.12,0.20,0.38,9.9,0,0,0,4.6,4.6,0.31,-1.6,-1.6,Matches
430,Alex Muyl,us USA,MFFW,Nashville SC,29-215,1995,8.5,1,15,8,53.3,1.77,0.94,0.07,0.13,13.4,0,0,0,1.8,1.6,0.11,-0.8,-0.6,Matches
431,Tristan Muyumba,,MF,Atlanta Utd,28-057,1997,4.7,0,5,1,20.0,1.07,0.21,0.00,0.00,20.0,0,0,0,0.5,0.5,0.10,-0.5,-0.5,Matches
432,Darlington Nagbe,us USA,MF,Columbus Crew,34-288,1990,8.7,0,3,1,33.3,0.34,0.11,0.00,0.00,19.6,0,0,0,0.2,0.2,0.05,-0.2,-0.2,Matches
433,Andy Najar,hn HON,DF,Nashville SC,32-048,1993,8.1,1,9,4,44.4,1.11,0.49,0.11,0.25,25.8,0,0,0,0.2,0.2,0.03,+0.8,+0.8,Matches
434,Matheus Nascimento,br BRA,FW,LA Galaxy,21-061,2004,1.0,0,0,0,,0.00,0.00,,,,0,0,0,0.0,0.0,,0.0,0.0,Matches
435,Rafael Navarro,br BRA,FW,Colorado Rapids,25-019,2000,10.0,5,23,8,34.8,2.30,0.80,0.22,0.63,14.1,0,0,0,4.1,4.1,0.19,+0.9,+0.9,Matches
436,Logan Ndenbe,be BEL,DF,Sporting KC,25-083,2000,8.7,1,5,1,20.0,0.57,0.11,0.20,1.00,17.0,0,0,0,0.3,0.3,0.05,+0.7,+0.7,Matches
437,Jalen Neal,us USA,DF,CF Montréal,21-252,2003,0.1,0,0,0,,0.00,0.00,,,,0,0,0,0.0,0.0,,0.0,0.0,Matches
438,Dylan Nealis,us USA,DF,NY Red Bulls,26-277,1998,6.7,0,6,1,16.7,0.89,0.15,0.00,0.00,17.9,0,0,0,0.3,0.3,0.04,-0.3,-0.3,Matches
439,Sean Nealis,us USA,DF,NY Red Bulls,28-110,1997,7.0,0,1,0,0.0,0.14,0.00,0.00,,8.7,0,0,0,0.0,0.0,0.04,0.0,0.0,Matches
440,Franco Negri,ar ARG,DF,San Diego FC,30-072,1995,4.5,1,3,1,33.3,0.67,0.22,0.33,1.00,18.2,0,0,0,0.1,0.1,0.03,+0.9,+0.9,Matches
441,Jayden Nelson,ca CAN,FW,Vancouver W'caps,22-219,2002,3.7,1,7,3,42.9,1.89,0.81,0.14,0.33,16.7,0,0,0,0.7,0.7,0.10,+0.3,+0.3,Matches
442,John Nelson,us USA,DF,LA Galaxy,26-296,1998,5.5,0,1,0,0.0,0.18,0.00,0.00,,22.5,0,0,0,0.0,0.0,0.02,0.0,0.0,Matches
443,Jean-Claude Ngando,cm CMR,MFFW,Vancouver W'caps,25-164,1999,5.7,0,6,1,16.7,1.06,0.18,0.00,0.00,18.6,0,0,0,0.4,0.4,0.06,-0.4,-0.4,Matches
444,Serge Ngoma,us USA,FWDF,NY Red Bulls,19-298,2005,2.9,1,5,3,60.0,1.72,1.03,0.20,0.33,17.7,0,0,0,0.3,0.3,0.06,+0.7,+0.7,Matches
445,Joakim Nilsson,se SWE,DFMF,St. Louis,31-086,1994,1.2,0,1,0,0.0,0.81,0.00,0.00,,4.5,0,0,0,0.4,0.4,0.41,-0.4,-0.4,Matches
446,Nolan Norris,us USA,DF,FC Dallas,20-075,2005,4.3,0,3,1,33.3,0.70,0.23,0.00,0.00,16.6,0,0,0,0.2,0.2,0.07,-0.2,-0.2,Matches
447,Tsiki Ntsabeleng,za RSA,MF,FC Dallas,27-083,1998,1.9,0,4,1,25.0,2.07,0.52,0.00,0.00,19.3,0,0,0,0.2,0.2,0.06,-0.2,-0.2,Matches
448,Obinna Nwobodo,ng NGA,MF,FC Cincinnati,28-155,1996,4.9,0,2,0,0.0,0.41,0.00,0.00,,30.2,0,0,0,0.1,0.1,0.03,-0.1,-0.1,Matches
449,Kevin O'Toole,us USA,DF,NYCFC,26-140,1998,8.2,0,1,0,0.0,0.12,0.00,0.00,,29.3,0,0,0,0.0,0.0,0.03,0.0,0.0,Matches
450,Allen Obando,ec ECU,FW,Inter Miami,18-324,2006,1.1,1,2,1,50.0,1.87,0.94,0.50,1.00,8.5,0,0,0,0.6,0.6,0.31,+0.4,+0.4,Matches
Rk
451,Jáder Obrian,co COL,MFFW,Austin,29-350,1995,4.1,0,6,1,16.7,1.45,0.24,0.00,0.00,28.6,0,0,0,0.4,0.4,0.07,-0.4,-0.4,Matches
452,Édier Ocampo,co COL,DF,Vancouver W'caps,21-212,2003,5.6,0,11,1,9.1,1.98,0.18,0.00,0.00,20.6,0,0,0,0.5,0.5,0.05,-0.5,-0.5,Matches
453,Agustin Ojeda,ar ARG,FWMF,NYCFC,20-318,2004,4.6,0,9,0,0.0,1.96,0.00,0.00,,21.8,0,0,0,0.5,0.5,0.05,-0.5,-0.5,Matches
454,Braian Ojeda,py PAR,MF,Real Salt Lake,24-310,2000,9.0,0,11,4,36.4,1.22,0.44,0.00,0.00,20.5,0,0,0,1.0,1.0,0.09,-1.0,-1.0,Matches
455,Martín Ojeda,ar ARG,MFFW,Orlando City,26-157,1998,8.5,4,20,8,40.0,2.36,0.94,0.15,0.38,18.9,1,1,1,2.8,2.1,0.10,+1.2,+0.9,Matches
456,Tani Oluwaseyi,ca CAN,FW,Minnesota Utd,24-353,2000,8.1,5,26,12,46.2,3.20,1.48,0.19,0.42,12.9,0,0,0,4.4,4.4,0.17,+0.6,+0.6,Matches
457,Wyatt Omsberg,us USA,DF,NE Revolution,29-224,1995,0.4,0,0,0,,0.00,0.00,,,,0,0,0,0.0,0.0,,0.0,0.0,Matches
458,Kwadwo Opoku,gh GHA,FWMF,CF Montréal,23-294,2001,1.5,0,1,1,100.0,0.68,0.68,0.00,0.00,14.4,0,0,0,0.0,0.0,0.04,0.0,0.0,Matches
459,Nathan Ordaz,sv SLV,FW,LAFC,21-111,2004,5.3,1,9,3,33.3,1.70,0.57,0.11,0.33,17.6,0,0,0,1.1,1.1,0.14,-0.1,-0.1,Matches
460,Sergio Oregel,us USA,MF,Chicago Fire,19-352,2005,8.3,0,4,2,50.0,0.48,0.24,0.00,0.00,22.0,0,0,0,0.2,0.2,0.06,-0.2,-0.2,Matches
461,Luca Orellano,ar ARG,FWMF,FC Cincinnati,25-042,2000,7.0,0,26,13,50.0,3.70,1.85,0.00,0.00,26.5,4,0,0,1.6,1.6,0.06,-1.6,-1.6,Matches
462,Prince Osei Owusu,de GER,FW,CF Montréal,28-116,1997,9.3,2,21,7,33.3,2.26,0.75,0.10,0.29,11.7,0,0,0,4.5,4.5,0.21,-2.5,-2.5,Matches
463,Harold Osorio,sv SLV,MF,Chicago Fire,21-256,2003,0.0,0,0,0,,0.00,0.00,,,,0,0,0,0.0,0.0,,0.0,0.0,Matches
464,Jonathan Osorio,ca CAN,MF,Toronto FC,32-325,1992,9.0,1,5,3,60.0,0.56,0.33,0.20,0.33,18.1,0,0,0,0.9,0.9,0.17,+0.1,+0.1,Matches
465,Tomáš Ostrák,cz CZE,MFDF,St. Louis,25-087,2000,1.8,0,4,0,0.0,2.24,0.00,0.00,,19.6,0,0,0,0.5,0.5,0.13,-0.5,-0.5,Matches
466,Javier Otero,ve VEN,GK,Orlando City,22-166,2002,1.0,0,0,0,,0.00,0.00,,,,0,0,0,0.0,0.0,,0.0,0.0,Matches
467,Devin Padelford,us USA,DF,Minnesota Utd,22-120,2003,0.0,0,0,0,,0.00,0.00,,,,0,0,0,0.0,0.0,,0.0,0.0,Matches
468,Maarten Paes,id IDN,GK,FC Dallas,26-354,1998,9.0,0,0,0,,0.00,0.00,,,,0,0,0,0.0,0.0,,0.0,0.0,Matches
469,Joseph Paintsil,gh GHA,FW,LA Galaxy,27-091,1998,4.0,0,6,2,33.3,1.51,0.50,0.00,0.00,17.3,0,0,0,0.3,0.3,0.05,-0.3,-0.3,Matches
470,Nelson Palacio,co COL,MF,Real Salt Lake,23-321,2001,2.1,0,2,0,0.0,0.93,0.00,0.00,,28.4,0,0,0,0.1,0.1,0.03,-0.1,-0.1,Matches
471,Jeison Palacios,co COL,DF,Nashville SC,31-044,1994,3.0,1,2,1,50.0,0.67,0.34,0.50,1.00,11.8,0,0,0,0.2,0.2,0.08,+0.8,+0.8,Matches
472,Sergi Palencia,es ESP,DFMF,LAFC,29-041,1996,8.3,1,2,1,50.0,0.24,0.12,0.50,1.00,15.5,0,0,0,0.2,0.2,0.10,+0.8,+0.8,Matches
473,James Pantemis,ca CAN,GK,Portland Timbers,28-071,1997,9.0,0,0,0,,0.00,0.00,,,,0,0,0,0.0,0.0,,0.0,0.0,Matches
474,Cristhian Paredes,py PAR,MF,Portland Timbers,26-350,1998,1.0,0,0,0,,0.00,0.00,,,,0,0,0,0.0,0.0,,0.0,0.0,Matches
475,Isaiah Parente,us USA,MF,LA Galaxy,25-048,2000,5.9,0,6,1,16.7,1.01,0.17,0.00,0.00,22.0,0,0,0,0.2,0.2,0.03,-0.2,-0.2,Matches
Rk
476,Tim Parker,us USA,DF,NY Red Bulls,32-069,1993,2.6,0,2,0,0.0,0.77,0.00,0.00,,18.1,0,0,0,0.1,0.1,0.06,-0.1,-0.1,Matches
477,Keaton Parks,us USA,MF,NYCFC,27-270,1997,8.8,1,10,6,60.0,1.14,0.68,0.10,0.17,13.1,0,0,0,1.5,1.5,0.15,-0.5,-0.5,Matches
478,Marco Pašalić,hr CRO,FWMF,Orlando City,24-231,2000,8.5,5,28,12,42.9,3.28,1.41,0.18,0.42,18.9,0,0,0,2.6,2.6,0.10,+2.4,+2.4,Matches
479,João Paulo Mior,br BRA,MF,Seattle Sounders,34-056,1991,2.5,0,2,0,0.0,0.80,0.00,0.00,,23.4,0,0,0,0.1,0.1,0.05,-0.1,-0.1,Matches
480,Tom Pearce,eng ENG,MFDF,CF Montréal,27-021,1998,2.6,0,2,1,50.0,0.77,0.38,0.00,0.00,21.3,1,0,0,0.1,0.1,0.05,-0.1,-0.1,Matches
481,Pedrinho,br BRA,FWMF,FC Dallas,22-015,2003,2.9,2,5,3,60.0,1.75,1.05,0.40,0.67,8.0,0,0,0,1.4,1.4,0.29,+0.6,+0.6,Matches
482,Peglow,br BRA,FWMF,D.C. United,23-116,2002,6.1,2,8,4,50.0,1.32,0.66,0.25,0.50,15.7,0,0,0,1.1,1.1,0.13,+0.9,+0.9,Matches
483,Amahl Pellegrino,no NOR,MFFW,SJ Earthquakes,34-319,1990,2.8,1,10,1,10.0,3.60,0.36,0.10,1.00,12.4,0,0,0,1.7,1.7,0.17,-0.7,-0.7,Matches
484,Matti Peltola,fi FIN,MF,D.C. United,22-304,2002,2.6,0,1,0,0.0,0.39,0.00,0.00,,29.2,0,0,0,0.0,0.0,0.02,0.0,0.0,Matches
485,Andrés Perea,us USA,MF,NYCFC,24-170,2000,0.9,0,2,0,0.0,2.12,0.00,0.00,,11.6,0,0,0,0.2,0.2,0.08,-0.2,-0.2,Matches
486,Daniel Pereira,ve VEN,MF,Austin,24-293,2000,8.4,1,10,3,30.0,1.19,0.36,0.10,0.33,24.0,0,0,0,0.4,0.4,0.04,+0.6,+0.6,Matches
487,Joaquín Pereyra,ar ARG,MF,Minnesota Utd,26-153,1998,7.9,0,14,4,28.6,1.76,0.50,0.00,0.00,17.9,0,0,0,1.5,1.5,0.11,-1.5,-1.5,Matches
488,Jonathan Perez,mx MEX,FWMF,Nashville SC,22-105,2003,1.5,1,4,2,50.0,2.65,1.32,0.25,0.50,17.4,0,0,0,0.3,0.3,0.06,+0.7,+0.7,Matches
489,Luca Petrasso,ca CAN,DF,CF Montréal,24-321,2000,9.9,0,2,0,0.0,0.20,0.00,0.00,,26.3,0,0,0,0.1,0.1,0.03,-0.1,-0.1,Matches
490,Raoul Petretta,it ITA,DF,Toronto FC,28-040,1997,5.9,0,0,0,,0.00,0.00,,,,0,0,0,0.0,0.0,,0.0,0.0,Matches
491,Fafà Picault,ht HAI,FWMF,Inter Miami,34-069,1991,2.8,2,6,2,33.3,2.14,0.71,0.33,1.00,6.6,0,0,0,1.4,1.4,0.24,+0.6,+0.6,Matches
492,Samuel Piette,ca CAN,MF,CF Montréal,30-172,1994,5.3,0,0,0,,0.00,0.00,,,,0,0,0,0.0,0.0,,0.0,0.0,Matches
493,Ian Pilcher,us USA,DF,San Diego FC,22-043,2003,1.4,0,0,0,,0.00,0.00,,,,0,0,0,0.0,0.0,,0.0,0.0,Matches
494,Mauricio Pineda,us USA,MF,Chicago Fire,27-198,1997,6.3,0,3,2,66.7,0.48,0.32,0.00,0.00,15.4,0,0,0,0.4,0.4,0.12,-0.4,-0.4,Matches
495,Ariath Piol,au AUS,FW,Real Salt Lake,20-204,2004,5.1,1,5,1,20.0,0.98,0.20,0.20,1.00,17.0,0,0,0,0.8,0.8,0.16,+0.2,+0.2,Matches
496,Gabriel Pirani,br BRA,MFFW,D.C. United,23-021,2002,6.9,0,15,4,26.7,2.16,0.58,0.00,0.00,20.8,1,0,0,1.0,1.0,0.07,-1.0,-1.0,Matches
497,Matt Polster,us USA,MF,NE Revolution,31-329,1993,5.8,0,4,0,0.0,0.69,0.00,0.00,,14.9,0,0,0,0.2,0.2,0.05,-0.2,-0.2,Matches
498,Célio Pompeu,br BRA,MFFW,St. Louis,25-144,1999,3.6,0,3,0,0.0,0.84,0.00,0.00,,17.1,0,0,0,0.1,0.1,0.03,-0.1,-0.1,Matches
499,Ezequiel Ponce,ar ARG,FW,Houston Dynamo,28-035,1997,9.9,3,24,7,29.2,2.43,0.71,0.13,0.43,13.0,2,0,0,3.3,3.3,0.14,-0.3,-0.3,Matches
500,Alvas Powell,jm JAM,DF,FC Cincinnati,30-289,1994,2.7,0,1,1,100.0,0.37,0.37,0.00,0.00,17.4,0,0,0,0.1,0.1,0.10,-0.1,-0.1,Matches
Rk
501,Ralph Priso-Mbongue,ca CAN,MF,Vancouver W'caps,22-274,2002,3.0,0,0,0,,0.00,0.00,,,,0,0,0,0.0,0.0,,0.0,0.0,Matches
502,Andrew Privett,us USA,DF,Charlotte,24-274,2000,8.0,1,2,1,50.0,0.25,0.13,0.50,1.00,6.9,0,0,0,0.4,0.4,0.21,+0.6,+0.6,Matches
503,John Pulskamp,us USA,GK,Sporting KC,24-014,2001,10.0,0,0,0,,0.00,0.00,,,,0,0,0,0.0,0.0,,0.0,0.0,Matches
504,Ahmed Qasem,se SWE,MFFW,Nashville SC,21-295,2003,5.4,2,11,6,54.5,2.03,1.11,0.18,0.33,12.2,0,0,0,1.4,1.4,0.12,+0.6,+0.6,Matches
505,Philip Quinton,us USA,DF,Real Salt Lake,25-168,1999,5.0,0,3,0,0.0,0.60,0.00,0.00,,10.9,0,0,0,0.1,0.1,0.05,-0.1,-0.1,Matches
506,Nemanja Radoja,rs SRB,MF,Sporting KC,32-086,1993,6.2,0,3,1,33.3,0.48,0.16,0.00,0.00,23.9,0,0,0,0.1,0.1,0.04,-0.1,-0.1,Matches
507,Jeremy Rafanello,us USA,MF,Philadelphia Union,25-019,2000,0.3,0,1,1,100.0,3.21,3.21,0.00,0.00,25.5,0,0,0,0.1,0.1,0.05,-0.1,-0.1,Matches
508,Jackson Ragen,us USA,DF,Seattle Sounders,26-221,1998,6.7,0,5,1,20.0,0.74,0.15,0.00,0.00,9.1,0,0,0,0.3,0.3,0.05,-0.3,-0.3,Matches
509,Brooklyn Raines,us USA,MF,Houston Dynamo,20-053,2005,2.9,0,1,0,0.0,0.34,0.00,0.00,,25.0,0,0,0,0.0,0.0,0.04,0.0,0.0,Matches
510,Christian Ramirez,us USA,FW,LA Galaxy,34-029,1991,5.9,4,13,6,46.2,2.20,1.02,0.31,0.67,9.2,0,0,0,2.4,2.4,0.19,+1.6,+1.6,Matches
511,Rubén Ramos,us USA,MF,LA Galaxy,18-101,2007,0.7,0,2,1,50.0,2.81,1.41,0.00,0.00,22.8,0,0,0,0.2,0.2,0.08,-0.2,-0.2,Matches
512,Tim Ream,us USA,DF,Charlotte,37-210,1987,8.3,0,0,0,,0.00,0.00,,,,0,0,0,0.0,0.0,,0.0,0.0,Matches
513,Federico Redondo,ar ARG,MF,Inter Miami,22-105,2003,3.9,0,2,0,0.0,0.51,0.00,0.00,,22.1,0,0,0,0.2,0.2,0.10,-0.2,-0.2,Matches
514,Seymour Reid,jm JAM,FW,NYCFC,17-060,2008,0.2,0,0,0,,0.00,0.00,,,,0,0,0,0.0,0.0,,0.0,0.0,Matches
515,William Reilly,us USA,MF,Atlanta Utd,22-151,2002,1.0,0,0,0,,0.00,0.00,,,,0,0,0,0.0,0.0,,0.0,0.0,Matches
516,Marco Reus,de GER,MFFW,LA Galaxy,35-337,1989,2.6,1,9,5,55.6,3.48,1.93,0.11,0.20,17.2,2,0,0,1.2,1.2,0.13,-0.2,-0.2,Matches
517,Andrés Reyes,co COL,DF,San Diego FC,25-237,1999,0.5,0,0,0,,0.00,0.00,,,,0,0,0,0.0,0.0,,0.0,0.0,Matches
518,Justin Reynolds,us USA,DF,Chicago Fire,20-272,2004,1.2,0,0,0,,0.00,0.00,,,,0,0,0,0.0,0.0,,0.0,0.0,Matches
519,Andrew Rick,us USA,GK,Philadelphia Union,19-093,2006,2.0,0,0,0,,0.00,0.00,,,,0,0,0,0.0,0.0,,0.0,0.0,Matches
520,Jamar Ricketts,us USA,DFMF,SJ Earthquakes,23-191,2001,4.4,1,3,1,33.3,0.68,0.23,0.33,1.00,20.4,0,0,0,0.2,0.2,0.06,+0.8,+0.8,Matches
521,Kalani Rienzi,us USA,MFDF,Seattle Sounders,22-310,2002,4.6,1,3,1,33.3,0.66,0.22,0.33,1.00,15.3,0,0,0,0.4,0.4,0.12,+0.6,+0.6,Matches
522,Rocco Ríos Novo,ar ARG,GK,Inter Miami,22-333,2002,1.6,0,0,0,,0.00,0.00,,,,0,0,0,0.0,0.0,,0.0,0.0,Matches
523,Birk Risa,no NOR,DF,NYCFC,27-079,1998,4.4,0,1,0,0.0,0.23,0.00,0.00,,27.2,1,0,0,0.1,0.1,0.09,-0.1,-0.1,Matches
524,Reid Roberts,us USA,DF,SJ Earthquakes,21-145,2003,1.1,0,0,0,,0.00,0.00,,,,0,0,0,0.0,0.0,,0.0,0.0,Matches
525,Miles Robinson,us USA,DF,FC Cincinnati,28-050,1997,7.2,0,4,0,0.0,0.56,0.00,0.00,,10.1,0,0,0,0.3,0.3,0.09,-0.3,-0.3,Matches
Rk
526,Stian Rode Gregersen,no NOR,DF,Atlanta Utd,29-351,1995,6.8,0,3,0,0.0,0.44,0.00,0.00,,8.5,0,0,0,0.6,0.6,0.20,-0.6,-0.6,Matches
527,Rodrigues,br BRA,DF,SJ Earthquakes,27-205,1997,7.3,1,6,1,16.7,0.82,0.14,0.17,1.00,14.8,0,0,0,0.6,0.6,0.09,+0.4,+0.4,Matches
528,Jonathan Rodríguez,uy URU,FW,Portland Timbers,31-301,1993,1.0,1,4,1,25.0,4.14,1.03,0.00,0.00,20.5,0,1,1,1.0,0.2,0.04,0.0,-0.2,Matches
529,Memo Rodriguez,us USA,MF,Sporting KC,29-127,1995,2.9,0,3,1,33.3,1.03,0.34,0.00,0.00,23.0,1,0,0,0.2,0.2,0.05,-0.2,-0.2,Matches
530,Nicolás Rodríguez,co COL,DFFW,Orlando City,21-008,2004,0.3,0,1,0,0.0,3.33,0.00,0.00,,22.6,0,0,0,0.0,0.0,0.05,0.0,0.0,Matches
531,Sam Rogers,us USA,DF,Chicago Fire,25-351,1999,7.0,0,0,0,,0.00,0.00,,,,0,0,0,0.0,0.0,,0.0,0.0,Matches
532,Alex Roldan,sv SLV,MFDF,Seattle Sounders,28-279,1996,5.1,0,7,4,57.1,1.36,0.78,0.00,0.00,20.9,0,0,0,0.4,0.4,0.05,-0.4,-0.4,Matches
533,Cristian Roldan,us USA,MFFW,Seattle Sounders,29-334,1995,9.1,1,14,5,35.7,1.54,0.55,0.07,0.20,20.5,0,0,0,0.6,0.6,0.04,+0.4,+0.4,Matches
534,Nicolás Romero,ar ARG,DF,Minnesota Utd,21-156,2003,5.8,0,8,1,12.5,1.39,0.17,0.00,0.00,15.1,0,0,0,0.5,0.5,0.06,-0.5,-0.5,Matches
535,David Romney,us USA,DF,SJ Earthquakes,31-325,1993,10.0,0,3,0,0.0,0.30,0.00,0.00,,14.5,0,0,0,0.2,0.2,0.05,-0.2,-0.2,Matches
536,Connor Ronan,ie IRL,MF,Colorado Rapids,27-058,1998,0.9,0,0,0,,0.00,0.00,,,,0,0,0,0.0,0.0,,0.0,0.0,Matches
537,Anderson Rosa,br BRA,DF,Colorado Rapids,23-171,2001,0.3,0,0,0,,0.00,0.00,,,,0,0,0,0.0,0.0,,0.0,0.0,Matches
538,Joseph Rosales,hn HON,DF,Minnesota Utd,24-178,2000,5.6,0,6,1,16.7,1.08,0.18,0.00,0.00,22.4,0,0,0,0.2,0.2,0.04,-0.2,-0.2,Matches
539,Keegan Rosenberry,us USA,DF,Colorado Rapids,31-143,1993,7.4,1,4,2,50.0,0.54,0.27,0.25,0.50,26.2,0,0,0,0.1,0.1,0.02,+0.9,+0.9,Matches
540,Daniel Rosero,co COL,DF,Sporting KC,31-209,1993,1.8,0,2,1,50.0,1.10,0.55,0.00,0.00,7.5,0,0,0,0.3,0.3,0.14,-0.3,-0.3,Matches
541,Diego Rossi,uy URU,FWMF,Columbus Crew,27-059,1998,9.9,5,32,14,43.8,3.23,1.41,0.16,0.36,17.2,4,0,0,3.8,3.8,0.13,+1.2,+1.2,Matches
542,Sigurd Rosted,no NOR,DF,Toronto FC,30-285,1994,7.5,1,3,1,33.3,0.40,0.13,0.33,1.00,14.5,0,0,0,0.4,0.4,0.14,+0.6,+0.6,Matches
543,Paul Rothrock,us USA,MFFW,Seattle Sounders,26-114,1999,8.6,2,13,4,30.8,1.51,0.46,0.15,0.50,16.1,0,0,0,1.1,1.1,0.09,+0.9,+0.9,Matches
544,Kye Rowles,au AUS,DF,D.C. United,26-313,1998,9.0,0,3,1,33.3,0.33,0.11,0.00,0.00,6.7,0,0,0,0.4,0.4,0.14,-0.4,-0.4,Matches
545,Diego Rubio,cl CHI,FWMF,Austin,31-353,1993,1.3,0,3,1,33.3,2.29,0.76,0.00,0.00,22.3,0,0,0,0.1,0.1,0.04,-0.1,-0.1,Matches
546,Pablo Ruíz,ar ARG,MF,Real Salt Lake,26-134,1998,1.8,0,7,3,42.9,3.82,1.64,0.00,0.00,25.7,1,0,0,0.3,0.3,0.05,-0.3,-0.3,Matches
547,David Ruíz-Ochoa,hn HON,MFFW,Inter Miami,21-084,2004,0.8,0,1,0,0.0,1.20,0.00,0.00,,5.6,0,0,0,0.5,0.5,0.50,-0.5,-0.5,Matches
548,Albert Rusnák,sk SVK,FWMF,Seattle Sounders,30-300,1994,6.8,2,25,11,44.0,3.68,1.62,0.08,0.18,17.9,4,0,0,2.2,2.2,0.09,-0.2,-0.2,Matches
549,Jacen Russell-Rowe,ca CAN,FW,Columbus Crew,22-232,2002,8.5,3,17,8,47.1,1.99,0.94,0.18,0.38,15.2,0,0,0,2.2,2.2,0.13,+0.8,+0.8,Matches
550,Cesar Ruvalcaba,us USA,DF,Columbus Crew,23-294,2001,1.6,0,1,0,0.0,0.64,0.00,0.00,,25.8,0,0,0,0.0,0.0,0.02,0.0,0.0,Matches
Rk
551,Emmanuel Sabbi,us USA,FW,Vancouver W'caps,27-130,1997,3.8,2,16,7,43.8,4.21,1.84,0.13,0.29,13.3,0,0,0,2.5,2.5,0.15,-0.5,-0.5,Matches
552,Besard Sabovic,se SWE,MF,Austin,27-118,1998,6.5,0,7,1,14.3,1.08,0.15,0.00,0.00,23.2,1,0,0,0.4,0.4,0.06,-0.4,-0.4,Matches
553,Anisse Saidi,tn TUN,MF,San Diego FC,16-317,2008,0.1,0,0,0,,0.00,0.00,,,,0,0,0,0.0,0.0,,0.0,0.0,Matches
554,Adam Saldaña,us USA,MF,LAFC,23-085,2002,2.0,0,1,0,0.0,0.50,0.00,0.00,,25.3,0,0,0,0.0,0.0,0.01,0.0,0.0,Matches
555,Nathan-Dylan Saliba,ca CAN,MF,CF Montréal,20-247,2004,8.4,1,10,3,30.0,1.19,0.36,0.10,0.33,20.9,1,0,0,0.9,0.9,0.09,+0.1,+0.1,Matches
556,Dániel Sallói,hu HUN,FWMF,Sporting KC,28-288,1996,6.6,4,9,7,77.8,1.36,1.06,0.44,0.57,12.5,0,0,0,1.8,1.8,0.20,+2.2,+2.2,Matches
557,Lucas Sanabria,uy URU,MFFW,LA Galaxy,21-128,2003,2.5,0,0,0,,0.00,0.00,,,,0,0,0,0.0,0.0,,0.0,0.0,Matches
558,Ilie Sánchez,es ESP,MF,Austin,34-163,1990,5.5,0,2,0,0.0,0.37,0.00,0.00,,23.4,0,0,0,0.1,0.1,0.06,-0.1,-0.1,Matches
559,William Sands,us USA,DF,NE Revolution,24-301,2000,3.0,0,1,0,0.0,0.33,0.00,0.00,,11.4,0,0,0,0.1,0.1,0.06,-0.1,-0.1,Matches
560,Edvard Sandvik Tagseth,no NOR,MF,Nashville SC,24-100,2001,9.1,0,7,3,42.9,0.77,0.33,0.00,0.00,25.6,0,0,0,0.3,0.3,0.04,-0.3,-0.3,Matches
561,Jeong Sangbin,kr KOR,FWMF,Minnesota Utd,23-032,2002,2.0,0,3,0,0.0,1.49,0.00,0.00,,16.2,0,0,0,0.4,0.4,0.12,-0.4,-0.4,Matches
562,Sergio Santos Gomes,br BRA,FWMF,FC Cincinnati,30-241,1994,3.3,1,5,2,40.0,1.50,0.60,0.20,0.50,11.2,0,0,0,1.1,1.1,0.22,-0.1,-0.1,Matches
563,Rafael Santos,br BRA,DF,Orlando City,27-087,1998,5.3,0,5,2,40.0,0.94,0.38,0.00,0.00,17.8,0,0,0,0.2,0.2,0.04,-0.2,-0.2,Matches
564,Nick Scardina,us USA,DF,Charlotte,23-315,2001,1.6,0,0,0,,0.00,0.00,,,,0,0,0,0.0,0.0,,0.0,0.0,Matches
565,Rodrigo Schlegel,ar ARG,DF,Orlando City,28-030,1997,8.6,0,3,0,0.0,0.35,0.00,0.00,,15.1,0,0,0,0.1,0.1,0.03,-0.1,-0.1,Matches
566,David Schnegg,at AUT,DFMF,D.C. United,26-216,1998,9.8,0,3,0,0.0,0.31,0.00,0.00,,14.6,0,0,0,0.2,0.2,0.08,-0.2,-0.2,Matches
567,Patrick Schulte,us USA,GK,Columbus Crew,24-051,2001,9.0,0,0,0,,0.00,0.00,,,,0,0,0,0.0,0.0,,0.0,0.0,Matches
568,Tarik Scott,us USA,FW,FC Dallas,20-010,2005,0.0,0,0,0,,0.00,0.00,,,,0,0,0,0.0,0.0,,0.0,0.0,Matches
569,Dante Sealy,us USA,FWDF,CF Montréal,22-016,2003,6.8,1,13,5,38.5,1.91,0.74,0.08,0.20,17.9,0,0,0,1.0,1.0,0.08,0.0,0.0,Matches
570,Gabe Segal,us USA,FW,Houston Dynamo,23-351,2001,0.3,0,3,0,0.0,10.80,0.00,0.00,,14.8,0,0,0,0.2,0.2,0.07,-0.2,-0.2,Matches
571,Telasco Segovia,ve VEN,MFFW,Inter Miami,22-031,2003,4.7,3,7,5,71.4,1.50,1.07,0.43,0.60,15.9,0,0,0,1.0,1.0,0.14,+2.0,+2.0,Matches
572,Eddie Segura,co COL,DF,LAFC,28-090,1997,5.4,0,2,1,50.0,0.37,0.18,0.00,0.00,11.0,0,0,0,0.2,0.2,0.08,-0.2,-0.2,Matches
573,Amar Sejdic,us USA,FW,Columbus Crew,28-155,1996,0.0,0,0,0,,0.00,0.00,,,,0,0,0,0.0,0.0,,0.0,0.0,Matches
574,Brandon Servania,us USA,MF,D.C. United,26-052,1999,4.9,0,5,0,0.0,1.02,0.00,0.00,,24.8,0,0,0,0.2,0.2,0.04,-0.2,-0.2,Matches
575,Jacob Shaffelburg,ca CAN,FWMF,Nashville SC,25-158,1999,2.1,0,4,1,25.0,1.91,0.48,0.00,0.00,17.8,0,0,0,0.1,0.1,0.03,-0.1,-0.1,Matches
Rk
576,Charles Sharp,us USA,FW,Toronto FC,23-314,2001,1.1,0,2,0,0.0,1.84,0.00,0.00,,12.7,0,0,0,0.3,0.3,0.14,-0.3,-0.3,Matches
577,Samuel Shashoua,eng ENG,MFFW,Minnesota Utd,25-355,1999,1.2,0,2,1,50.0,1.71,0.86,0.00,0.00,20.7,1,0,0,0.2,0.2,0.10,-0.2,-0.2,Matches
578,Khiry Shelton,us USA,DF,Sporting KC,31-311,1993,4.4,0,2,1,50.0,0.45,0.23,0.00,0.00,12.4,0,0,0,0.2,0.2,0.10,-0.2,-0.2,Matches
579,Jonathan Shore,us USA,MF,NYCFC,18-020,2007,6.7,0,6,0,0.0,0.90,0.00,0.00,,23.1,0,0,0,0.2,0.2,0.04,-0.2,-0.2,Matches
580,Show,ao ANG,MF,FC Dallas,26-058,1999,1.9,0,0,0,,0.00,0.00,,,,0,0,0,0.0,0.0,,0.0,0.0,Matches
581,Xande Silva,pt POR,FW,Atlanta Utd,28-048,1997,2.5,0,5,0,0.0,1.97,0.00,0.00,,20.9,0,0,0,0.3,0.3,0.05,-0.3,-0.3,Matches
582,Jonathan Sirois,ca CAN,GK,CF Montréal,23-310,2001,9.0,0,0,0,,0.00,0.00,,,,0,0,0,0.0,0.0,,0.0,0.0,Matches
583,Jack Skahan,us USA,MF,SJ Earthquakes,27-085,1998,0.1,0,2,0,0.0,25.71,0.00,0.00,,11.0,0,0,0,0.1,0.1,0.07,-0.1,-0.1,Matches
584,Bartosz Slisz,pl POL,MF,Atlanta Utd,26-035,1999,8.0,0,7,2,28.6,0.88,0.25,0.00,0.00,12.9,0,0,0,0.4,0.4,0.06,-0.4,-0.4,Matches
585,Tyger Smalls,,FWMF,Charlotte,,,0.5,0,0,0,,0.00,0.00,,,,0,0,0,0.0,0.0,,0.0,0.0,Matches
586,Alec Smir,us USA,GK,Minnesota Utd,26-020,1999,1.0,0,0,0,,0.00,0.00,,,,0,0,0,0.0,0.0,,0.0,0.0,Matches
587,Brad Smith,au AUS,DFMF,FC Cincinnati,31-024,1994,1.3,0,1,0,0.0,0.74,0.00,0.00,,20.3,0,0,0,0.1,0.1,0.06,-0.1,-0.1,Matches
588,Ian Smith,us USA,DF,Portland Timbers,22-291,2002,3.1,0,0,0,,0.00,0.00,,,,0,0,0,0.0,0.0,,0.0,0.0,Matches
589,Kyle Smith,us USA,DFMF,Orlando City,33-114,1992,3.9,0,3,2,66.7,0.78,0.52,0.00,0.00,9.7,0,0,0,0.4,0.4,0.15,-0.4,-0.4,Matches
590,Artem Smoliakov,ua UKR,DFMF,LAFC,21-339,2003,2.9,1,1,1,100.0,0.34,0.34,1.00,1.00,32.7,0,0,0,0.0,0.0,0.03,+1.0,+1.0,Matches
591,Mohammed Sofo,gh GHA,FW,NY Red Bulls,20-184,2004,1.8,1,3,3,100.0,1.63,1.63,0.33,0.33,11.9,0,0,0,1.4,1.4,0.46,-0.4,-0.4,Matches
592,Tyrese Spicer,tt TRI,FWMF,Toronto FC,24-150,2000,3.0,0,3,1,33.3,1.00,0.33,0.00,0.00,18.1,0,0,0,0.1,0.1,0.05,-0.1,-0.1,Matches
593,Dayne St. Clair,ca CAN,GK,Minnesota Utd,27-359,1997,9.0,0,0,0,,0.00,0.00,,,,0,0,0,0.0,0.0,,0.0,0.0,Matches
594,Lazar Stefanovic,ca CAN,DFMF,Toronto FC,18-266,2006,0.7,0,0,0,,0.00,0.00,,,,0,0,0,0.0,0.0,,0.0,0.0,Matches
595,Zack Steffen,us USA,GK,Colorado Rapids,30-031,1995,8.0,0,0,0,,0.00,0.00,,,,0,0,0,0.0,0.0,,0.0,0.0,Matches
596,Daniel Steres,us USA,DF,Houston Dynamo,34-173,1990,3.4,0,1,0,0.0,0.29,0.00,0.00,,9.4,0,0,0,0.1,0.1,0.06,-0.1,-0.1,Matches
597,Kimani Stewart-Baynes,ca CAN,FW,Colorado Rapids,20-106,2005,0.0,0,0,0,,0.00,0.00,,,,0,0,0,0.0,0.0,,0.0,0.0,Matches
598,Jared Stroud,us USA,FWMF,D.C. United,28-297,1996,6.5,0,12,2,16.7,1.83,0.31,0.00,0.00,14.7,0,0,0,1.0,1.0,0.08,-1.0,-1.0,Matches
599,Peter Stroud,us USA,MF,NY Red Bulls,23-010,2002,7.3,0,6,1,16.7,0.83,0.14,0.00,0.00,24.5,0,0,0,0.3,0.3,0.04,-0.3,-0.3,Matches
600,Brad Stuver,us USA,GK,Austin,34-017,1991,10.0,0,0,0,,0.00,0.00,,,,0,0,0,0.0,0.0,,0.0,0.0,Matches
Rk
601,Luis Suárez,uy URU,FW,Inter Miami,38-099,1987,6.7,1,12,2,16.7,1.79,0.30,0.08,0.50,15.0,0,0,0,3.0,3.0,0.25,-2.0,-2.0,Matches
602,Magomed-Shapi Suleymanov,ru RUS,FWMF,Sporting KC,25-138,1999,7.7,1,13,2,15.4,1.68,0.26,0.08,0.50,20.3,2,0,0,0.9,0.9,0.07,+0.1,+0.1,Matches
603,Cavan Sullivan,us USA,MFFW,Philadelphia Union,15-217,2009,0.5,0,0,0,,0.00,0.00,,,,0,0,0,0.0,0.0,,0.0,0.0,Matches
604,Quinn Sullivan,us USA,MF,Philadelphia Union,21-037,2004,9.3,1,22,6,27.3,2.35,0.64,0.05,0.17,21.7,2,0,1,2.2,1.4,0.06,-1.2,-0.4,Matches
605,Finn Surman,nz NZL,DF,Portland Timbers,21-222,2003,9.7,0,3,1,33.3,0.31,0.10,0.00,0.00,10.1,0,0,0,0.3,0.3,0.09,-0.3,-0.3,Matches
606,Sam Surridge,eng ENG,FW,Nashville SC,26-279,1998,9.7,6,29,13,44.8,2.98,1.33,0.10,0.23,13.4,0,3,4,7.7,4.3,0.15,-1.7,-1.3,Matches
607,Oleksandr Svatok,ua UKR,DF,Austin,30-218,1994,6.7,0,4,1,25.0,0.60,0.15,0.00,0.00,8.9,0,0,0,0.3,0.3,0.08,-0.3,-0.3,Matches
608,Erik Sviatchenko,dk DEN,DF,Houston Dynamo,33-211,1991,4.5,0,4,1,25.0,0.89,0.22,0.00,0.00,13.2,0,0,0,0.2,0.2,0.04,-0.2,-0.2,Matches
609,Hennadii Synchuk,ua UKR,FW,CF Montréal,18-297,2006,1.3,0,2,0,0.0,1.58,0.00,0.00,,17.6,0,0,0,0.1,0.1,0.05,-0.1,-0.1,Matches
610,Nkosi Tafari,us USA,DF,LAFC,28-041,1997,4.9,0,1,0,0.0,0.20,0.00,0.00,,8.2,0,0,0,0.1,0.1,0.05,-0.1,-0.1,Matches
611,Zakaria Taifi,us USA,DF,Orlando City,19-214,2005,0.1,0,0,0,,0.00,0.00,,,,0,0,0,0.0,0.0,,0.0,0.0,Matches
612,Yohei Takaoka,jp JPN,GK,Vancouver W'caps,29-048,1996,10.0,0,0,0,,0.00,0.00,,,,0,0,0,0.0,0.0,,0.0,0.0,Matches
613,Strahinja Tanasijević,rs SRB,DF,NYCFC,27-325,1997,2.2,0,0,0,,0.00,0.00,,,,0,0,0,0.0,0.0,,0.0,0.0,Matches
614,Andrew Tarbell,us USA,GK,Houston Dynamo,31-208,1993,3.4,0,0,0,,0.00,0.00,,,,0,0,0,0.0,0.0,,0.0,0.0,Matches
615,Iuri Tavares,cv CPV,FWMF,Charlotte,24-056,2001,0.3,0,1,0,0.0,3.91,0.00,0.00,,15.0,0,0,0,0.1,0.1,0.07,-0.1,-0.1,Matches
616,D.J. Taylor,us USA,DF,Minnesota Utd,27-250,1997,0.7,0,0,0,,0.00,0.00,,,,0,0,0,0.0,0.0,,0.0,0.0,Matches
617,Robert Taylor,fi FIN,MFFW,Inter Miami,30-194,1994,2.2,1,5,2,40.0,2.27,0.91,0.20,0.50,11.9,0,0,0,1.3,1.3,0.25,-0.3,-0.3,Matches
618,Carlos Terán,co COL,DF,Chicago Fire,24-221,2000,3.3,0,1,0,0.0,0.31,0.00,0.00,,10.9,0,0,0,0.0,0.0,0.05,0.0,0.0,Matches
619,Cedric Teuchert,de GER,FWMF,St. Louis,28-109,1997,5.1,2,10,4,40.0,1.95,0.78,0.20,0.50,13.0,0,0,0,1.8,1.8,0.18,+0.2,+0.2,Matches
620,Odin Thiago Holm,no NOR,MFFW,LAFC,22-105,2003,1.1,0,0,0,,0.00,0.00,,,,0,0,0,0.0,0.0,,0.0,0.0,Matches
621,Jamal Thiaré,sn SEN,FWDF,Atlanta Utd,32-033,1993,1.6,0,6,1,16.7,3.80,0.63,0.00,0.00,12.0,0,0,0,0.4,0.4,0.07,-0.4,-0.4,Matches
622,Andrew Thomas,ru RUS,GK,Seattle Sounders,26-244,1998,1.0,0,0,0,,0.00,0.00,,,,0,0,0,0.0,0.0,,0.0,0.0,Matches
623,Erik Thommy,de GER,FWMF,Sporting KC,30-256,1994,5.2,2,12,3,25.0,2.30,0.58,0.17,0.67,20.9,1,0,0,0.9,0.9,0.07,+1.1,+1.1,Matches
624,Kosi Thompson,ca CAN,DF,Toronto FC,22-096,2003,6.8,0,1,1,100.0,0.15,0.15,0.00,0.00,20.4,0,0,0,0.0,0.0,0.04,0.0,0.0,Matches
625,Timmy Tillman,de GER,MF,LAFC,26-119,1999,7.3,0,8,1,12.5,1.09,0.14,0.00,0.00,17.0,0,0,0,0.4,0.4,0.05,-0.4,-0.4,Matches
Rk
626,Cayman Togashi,jp JPN,MFFW,Atlanta Utd,31-266,1993,0.7,0,1,0,0.0,1.38,0.00,0.00,,11.0,0,0,0,0.0,0.0,0.04,0.0,0.0,Matches
627,Nouhou Tolo,cm CMR,DF,Seattle Sounders,27-314,1997,7.7,0,7,2,28.6,0.91,0.26,0.00,0.00,25.5,0,0,0,0.2,0.2,0.03,-0.2,-0.2,Matches
628,Tomas Totland,no NOR,DF,St. Louis,26-217,1998,3.7,0,3,0,0.0,0.80,0.00,0.00,,11.8,0,0,0,0.9,0.9,0.28,-0.9,-0.9,Matches
629,Mason Toye,us USA,FW,Sporting KC,26-199,1998,0.2,0,1,1,100.0,4.50,4.50,0.00,0.00,4.9,0,0,0,0.3,0.3,0.26,-0.3,-0.3,Matches
630,Wil Trapp,us USA,MF,Minnesota Utd,32-108,1993,8.7,2,5,4,80.0,0.58,0.46,0.40,0.50,20.8,0,0,0,0.5,0.5,0.11,+1.5,+1.5,Matches
631,Jackson Travis,us USA,DF,Colorado Rapids,21-069,2004,0.6,0,0,0,,0.00,0.00,,,,0,0,0,0.0,0.0,,0.0,0.0,Matches
632,Niko Tsakiris,us USA,MF,SJ Earthquakes,19-318,2005,2.7,0,4,0,0.0,1.50,0.00,0.00,,18.9,0,0,0,0.3,0.3,0.07,-0.3,-0.3,Matches
633,Jeppe Tverskov,dk DEN,MF,San Diego FC,32-052,1993,9.8,1,5,2,40.0,0.51,0.20,0.20,0.50,7.4,0,0,0,0.4,0.4,0.09,+0.6,+0.6,Matches
634,Mikael Uhre,dk DEN,FW,Philadelphia Union,30-215,1994,6.6,1,19,7,36.8,2.89,1.06,0.05,0.14,15.8,0,0,0,1.8,1.8,0.09,-0.8,-0.8,Matches
635,Cengiz Ünder,tr TUR,FW,LAFC,27-293,1997,3.1,1,9,1,11.1,2.88,0.32,0.11,1.00,21.4,0,0,0,1.5,1.5,0.17,-0.5,-0.5,Matches
636,Osaze Urhoghide,nl NED,DF,FC Dallas,24-303,2000,10.0,1,8,3,37.5,0.80,0.30,0.13,0.33,14.2,0,0,0,0.4,0.4,0.06,+0.6,+0.6,Matches
637,Maximiliano Urruti,ar ARG,FW,NE Revolution,34-070,1991,3.9,0,8,5,62.5,2.03,1.27,0.00,0.00,18.3,0,0,0,0.7,0.7,0.08,-0.7,-0.7,Matches
638,Júnior Urso,br BRA,MF,Houston Dynamo,36-054,1989,2.2,0,3,0,0.0,1.36,0.00,0.00,,14.2,0,0,0,0.3,0.3,0.09,-0.3,-0.3,Matches
639,Óscar Ustari,ar ARG,GK,Inter Miami,38-304,1986,5.4,0,0,0,,0.00,0.00,,,,0,0,0,0.0,0.0,,0.0,0.0,Matches
640,Myrto Uzuni,al ALB,FW,Austin,29-337,1995,7.1,1,20,8,40.0,2.82,1.13,0.05,0.13,16.3,0,0,0,3.0,3.0,0.15,-2.0,-2.0,Matches
641,Onni Valakari,fi FIN,FWMF,San Diego FC,25-258,1999,6.7,2,14,5,35.7,2.09,0.75,0.14,0.40,13.4,1,0,0,2.7,2.7,0.19,-0.7,-0.7,Matches
642,Omar Valencia,pa PAN,DF,NY Red Bulls,20-329,2004,6.1,0,1,0,0.0,0.16,0.00,0.00,,5.0,0,0,0,0.1,0.1,0.12,-0.1,-0.1,Matches
643,Gerardo Valenzuela,us USA,MF,FC Cincinnati,20-217,2004,1.0,1,5,2,40.0,5.06,2.02,0.20,0.50,16.2,0,0,0,0.4,0.4,0.08,+0.6,+0.6,Matches
644,Kerwin Vargas,co COL,FWMF,Charlotte,23-121,2002,4.5,1,16,5,31.3,3.59,1.12,0.06,0.20,16.6,0,0,0,1.3,1.3,0.08,-0.3,-0.3,Matches
645,Obed Vargas,mx MEX,MF,Seattle Sounders,19-271,2005,7.8,0,6,2,33.3,0.76,0.25,0.00,0.00,23.4,0,0,0,0.4,0.4,0.06,-0.4,-0.4,Matches
646,Indiana Vassilev,us USA,MF,Philadelphia Union,24-076,2001,5.2,0,7,1,14.3,1.33,0.19,0.00,0.00,25.5,0,0,0,0.2,0.2,0.03,-0.2,-0.2,Matches
647,Brandon Vazquez,us USA,FW,Austin,26-201,1998,8.7,2,27,10,37.0,3.12,1.15,0.07,0.20,14.6,1,0,1,4.9,4.0,0.15,-2.9,-2.0,Matches
648,Brayan Vera,co COL,DF,Real Salt Lake,26-108,1999,6.7,0,10,2,20.0,1.50,0.30,0.00,0.00,20.6,1,0,0,0.9,0.9,0.09,-0.9,-0.9,Matches
649,Oscar Verhoeven,us USA,MF,SJ Earthquakes,18-337,2006,0.1,0,0,0,,0.00,0.00,,,,0,0,0,0.0,0.0,,0.0,0.0,Matches
650,Ranko Veselinović,rs SRB,DF,Vancouver W'caps,26-040,1999,10.0,0,8,2,25.0,0.80,0.20,0.00,0.00,9.5,0,0,0,0.8,0.8,0.10,-0.8,-0.8,Matches
Rk
651,Jules-Anthony Vilsaint,ca CAN,FWMF,CF Montréal,22-117,2003,1.3,0,1,0,0.0,0.76,0.00,0.00,,17.5,0,0,0,0.0,0.0,0.01,0.0,0.0,Matches
652,Sam Vines,us USA,DF,Colorado Rapids,25-337,1999,2.2,0,0,0,,0.00,0.00,,,,0,0,0,0.0,0.0,,0.0,0.0,Matches
653,Pedro Vite,ec ECU,MFFW,Vancouver W'caps,23-055,2002,7.1,3,15,9,60.0,2.11,1.27,0.20,0.33,20.7,1,0,0,1.2,1.2,0.08,+1.8,+1.8,Matches
654,Robert Voloder,ba BIH,DF,Sporting KC,23-359,2001,5.5,0,0,0,,0.00,0.00,,,,0,0,0,0.0,0.0,,0.0,0.0,Matches
655,Giacomo Vrioni,al ALB,MF,CF Montréal,26-200,1998,0.3,0,3,1,33.3,11.74,3.91,0.00,0.00,11.0,0,0,0,0.3,0.3,0.09,-0.3,-0.3,Matches
656,Kai Wagner,de GER,DF,Philadelphia Union,28-077,1997,7.9,0,1,1,100.0,0.13,0.13,0.00,0.00,24.7,1,0,0,0.0,0.0,0.03,0.0,0.0,Matches
657,Conrad Wallem,no NOR,DFMF,St. Louis,24-328,2000,8.2,0,10,4,40.0,1.23,0.49,0.00,0.00,16.7,0,0,0,0.8,0.8,0.09,-0.8,-0.8,Matches
658,Joel Waterman,ca CAN,DF,CF Montréal,29-099,1996,7.4,0,0,0,,0.00,0.00,,,,0,0,0,0.0,0.0,,0.0,0.0,Matches
659,Akil Watts,us USA,MFDF,St. Louis,25-088,2000,7.8,0,7,2,28.6,0.90,0.26,0.00,0.00,23.7,0,0,0,0.5,0.5,0.07,-0.5,-0.5,Matches
660,Marcelo Weigandt,ar ARG,DF,Inter Miami,25-112,2000,1.8,0,1,1,100.0,0.54,0.54,0.00,0.00,31.7,0,0,0,0.0,0.0,0.02,0.0,0.0,Matches
661,Francis Westfield,us USA,DF,Philadelphia Union,19-145,2005,7.7,0,3,0,0.0,0.39,0.00,0.00,,23.1,0,0,0,0.1,0.1,0.04,-0.1,-0.1,Matches
662,Ashley Westwood,eng ENG,MF,Charlotte,35-032,1990,10.0,1,4,1,25.0,0.40,0.10,0.25,1.00,19.2,1,0,0,1.0,1.0,0.24,0.0,0.0,Matches
663,Brian White,us USA,FW,Vancouver W'caps,29-089,1996,7.9,6,25,12,48.0,3.16,1.52,0.24,0.50,11.6,0,0,0,4.7,4.7,0.19,+1.3,+1.3,Matches
664,Adrian Wibowo,us USA,FW,LAFC,19-106,2006,0.2,0,0,0,,0.00,0.00,,,,0,0,0,0.0,0.0,,0.0,0.0,Matches
665,Derrick Williams,ie IRL,DF,Atlanta Utd,32-106,1993,5.1,0,2,0,0.0,0.40,0.00,0.00,,7.9,0,0,0,0.2,0.2,0.10,-0.2,-0.2,Matches
666,Samuel Williams,us USA,MF,Chicago Fire,20-046,2005,2.6,0,1,0,0.0,0.38,0.00,0.00,,13.7,0,0,0,0.1,0.1,0.08,-0.1,-0.1,Matches
667,Thomas Williams,us USA,DF,Orlando City,20-261,2004,0.1,0,0,0,,0.00,0.00,,,,0,0,0,0.0,0.0,,0.0,0.0,Matches
668,Eryk Williamson,us USA,MFFW,Charlotte,27-326,1997,2.1,0,1,0,0.0,0.48,0.00,0.00,,18.6,0,0,0,0.0,0.0,0.04,0.0,0.0,Matches
669,Joe Willis,us USA,GK,Nashville SC,36-266,1988,10.0,0,0,0,,0.00,0.00,,,,0,0,0,0.0,0.0,,0.0,0.0,Matches
670,Bruno Wilson,pt POR,DF,SJ Earthquakes,28-127,1996,8.0,0,4,1,25.0,0.50,0.12,0.00,0.00,12.1,0,0,0,0.5,0.5,0.13,-0.5,-0.5,Matches
671,Henry Wingo,us USA,DF,Toronto FC,29-211,1995,2.5,0,0,0,,0.00,0.00,,,,0,0,0,0.0,0.0,,0.0,0.0,Matches
672,Hannes Wolf,at AUT,FWMF,NYCFC,26-017,1999,9.4,3,21,7,33.3,2.22,0.74,0.14,0.43,13.0,0,0,0,2.6,2.6,0.13,+0.4,+0.4,Matches
673,Owen Wolff,us USA,MFFW,Austin,20-124,2004,9.0,0,8,0,0.0,0.89,0.00,0.00,,18.4,0,0,0,0.6,0.6,0.07,-0.6,-0.6,Matches
674,Tyler Wolff,us USA,FWMF,Real Salt Lake,22-079,2003,2.3,0,2,1,50.0,0.87,0.43,0.00,0.00,14.4,0,0,0,0.1,0.1,0.06,-0.1,-0.1,Matches
675,Elijah Wynder,us USA,MF,LA Galaxy,22-054,2003,2.5,0,1,0,0.0,0.40,0.00,0.00,,29.2,0,0,0,0.0,0.0,0.05,0.0,0.0,Matches
Rk
676,Miki Yamane,jp JPN,DF,LA Galaxy,31-132,1993,6.3,0,2,0,0.0,0.32,0.00,0.00,,23.0,0,0,0,0.1,0.1,0.05,-0.1,-0.1,Matches
677,Dominik Yankov,bg BUL,MF,CF Montréal,24-279,2000,0.3,0,1,0,0.0,2.90,0.00,0.00,,21.2,0,0,0,0.1,0.1,0.06,-0.1,-0.1,Matches
678,Darren Yapi,us USA,FW,Colorado Rapids,20-165,2004,2.8,1,8,2,25.0,2.85,0.71,0.13,0.50,15.1,0,0,0,0.8,0.8,0.10,+0.2,+0.2,Matches
679,Joshua Yaro,gh GHA,DF,St. Louis,30-166,1994,6.3,0,0,0,,0.00,0.00,,,,0,0,0,0.0,0.0,,0.0,0.0,Matches
680,Patrick Yazbek,au AUS,MF,Nashville SC,23-028,2002,5.3,0,3,0,0.0,0.56,0.00,0.00,,25.2,0,0,0,0.1,0.1,0.04,-0.1,-0.1,Matches
681,Kelvin Yeboah,it ITA,FW,Minnesota Utd,24-362,2000,8.6,4,35,14,40.0,4.09,1.64,0.09,0.21,14.4,2,1,1,5.9,5.1,0.15,-1.9,-2.1,Matches
682,Yaw Yeboah,gh GHA,MFFW,LAFC,28-036,1997,3.2,0,3,0,0.0,0.92,0.00,0.00,,24.6,0,0,0,0.1,0.1,0.03,-0.1,-0.1,Matches
683,DeAndre Yedlin,us USA,DF,FC Cincinnati,31-298,1993,8.8,0,2,1,50.0,0.23,0.11,0.00,0.00,16.8,0,0,0,0.3,0.3,0.13,-0.3,-0.3,Matches
684,Maya Yoshida,jp JPN,DF,LA Galaxy,36-252,1988,6.0,0,4,0,0.0,0.66,0.00,0.00,,8.6,0,0,0,0.9,0.9,0.22,-0.9,-0.9,Matches
685,Jackson Yueill,us USA,MF,NE Revolution,28-045,1997,4.2,0,2,0,0.0,0.47,0.00,0.00,,30.0,0,0,0,0.0,0.0,0.01,0.0,0.0,Matches
686,Alhassan Yusuf,ng NGA,MF,NE Revolution,24-289,2000,8.9,0,3,0,0.0,0.34,0.00,0.00,,27.0,0,0,0,0.1,0.1,0.04,-0.1,-0.1,Matches
687,Wilfried Zaha,ci CIV,FWMF,Charlotte,32-174,1992,8.0,2,15,8,53.3,1.88,1.00,0.07,0.13,18.2,0,1,1,2.3,1.5,0.10,-0.3,-0.5,Matches
688,Eriq Zavaleta,sv SLV,DF,LA Galaxy,32-274,1992,1.4,0,0,0,,0.00,0.00,,,,0,0,0,0.0,0.0,,0.0,0.0,Matches
689,Sean Zawadzki,us USA,DFMF,Columbus Crew,25-012,2000,10.0,1,5,2,40.0,0.50,0.20,0.20,0.50,21.0,1,0,0,0.7,0.7,0.15,+0.3,+0.3,Matches
690,Walker Zimmerman,us USA,DF,Nashville SC,31-349,1993,6.9,0,7,2,28.6,1.02,0.29,0.00,0.00,10.3,0,0,0,0.7,0.7,0.11,-0.7,-0.7,Matches
691,Philip Zinckernagel,dk DEN,FW,Chicago Fire,30-138,1994,7.5,3,15,5,33.3,2.00,0.67,0.20,0.60,19.5,1,0,0,1.4,1.4,0.10,+1.6,+1.6,Matches
692,Rida Zouhir,ca CAN,MFFW,D.C. United,21-161,2003,1.0,0,1,1,100.0,0.99,0.99,0.00,0.00,27.5,0,0,0,0.0,0.0,0.03,0.0,0.0,Matches
